,Date,Open,High,Low,Close,Shares Traded,Turnover (â‚¹ Cr)
0,22-MAR-2019,11549.2,11572.8,11434.55,11456.9,386193935.0,19755.74
1,25-MAR-2019,11395.65,11395.65,11311.6,11354.25,294459196.0,14101.14
2,26-MAR-2019,11375.2,11496.75,11352.45,11483.25,282575496.0,14611.68
3,27-MAR-2019,11531.45,11546.2,11413.0,11445.05,350446089.0,18356.52
4,28-MAR-2019,11463.65,11588.5,11452.45,11570.0,527678809.0,25719.65
5,29-MAR-2019,11625.45,11630.35,11570.15,11623.9,416276981.0,20515.25
6,01-APR-2019,11665.2,11738.1,11644.75,11669.15,379572660.0,18977.99
7,02-APR-2019,11711.55,11729.35,11655.85,11713.2,386131413.0,18673.7
8,03-APR-2019,11735.3,11761.0,11629.15,11643.95,365760070.0,19050.95
9,04-APR-2019,11660.2,11662.55,11559.2,11598.0,349029830.0,19713.01
10,05-APR-2019,11638.4,11689.65,11609.5,11665.95,266665797.0,15000.35
11,08-APR-2019,11704.35,11710.3,11549.1,11604.5,260932608.0,14203.96
12,09-APR-2019,11612.05,11683.9,11569.7,11671.95,300467538.0,15984.39
13,10-APR-2019,11646.85,11680.05,11571.75,11584.3,359941110.0,22258.46
14,11-APR-2019,11592.55,11606.7,11550.55,11596.7,279775726.0,14332.2
15,12-APR-2019,11612.85,11657.35,11578.8,11643.45,246006184.0,13598.61
16,15-APR-2019,11667.0,11704.6,11648.25,11690.35,289996075.0,15635.79
17,16-APR-2019,11736.2,11810.95,11731.55,11787.15,354315040.0,17585.48
18,18-APR-2019,11856.15,11856.15,11738.5,11752.8,339653709.0,18271.27
19,22-APR-2019,11727.05,11727.05,11583.95,11594.45,260356055.0,13754.12
20,23-APR-2019,11612.95,11645.95,11564.8,11575.95,272544486.0,14500.53
21,24-APR-2019,11601.5,11740.85,11578.85,11726.15,335196513.0,17046.66
22,25-APR-2019,11735.7,11796.75,11624.3,11641.8,604360395.0,28254.3
23,26-APR-2019,11683.75,11762.9,11661.75,11754.65,333483764.0,18098.83
24,30-APR-2019,11748.75,11756.25,11655.9,11748.15,532630874.0,23324.98
25,02-MAY-2019,11725.55,11789.3,11699.55,11724.75,380278045.0,17790.06
26,03-MAY-2019,11722.6,11770.9,11699.35,11712.25,305519934.0,15156.32
27,06-MAY-2019,11605.8,11632.55,11571.35,11598.25,299046480.0,14703.42
28,07-MAY-2019,11651.5,11657.05,11484.45,11497.9,337495624.0,16632.84
29,08-MAY-2019,11478.7,11479.1,11346.95,11359.45,372826025.0,17440.01
30,09-MAY-2019,11322.4,11357.6,11255.05,11301.8,373028059.0,17602.86
31,10-MAY-2019,11314.15,11345.8,11251.05,11278.9,387323416.0,18085.19
32,13-MAY-2019,11258.7,11300.2,11125.6,11148.2,357586433.0,16722.91
33,14-MAY-2019,11151.65,11294.75,11108.3,11222.05,398122725.0,19906.38
34,15-MAY-2019,11271.7,11286.8,11136.95,11157.0,414174258.0,17931.75
35,16-MAY-2019,11180.35,11281.55,11143.35,11257.1,350734572.0,15629.57
36,17-MAY-2019,11261.9,11426.15,11259.85,11407.15,412109200.0,20177.63
37,20-MAY-2019,11651.9,11845.2,11591.7,11828.25,452096261.0,25223.78
38,21-MAY-2019,11863.65,11883.55,11682.8,11709.1,381038129.0,20324.67
39,22-MAY-2019,11727.95,11784.8,11682.4,11737.9,355870667.0,19582.41
40,23-MAY-2019,11901.3,12041.15,11614.5,11657.05,569030654.0,31180.08
41,24-MAY-2019,11748.0,11859.0,11658.1,11844.1,374637415.0,20028.49
42,27-MAY-2019,11855.5,11957.15,11812.4,11924.75,348356214.0,17735.36
43,28-MAY-2019,11958.35,11958.55,11864.9,11928.75,598308334.0,28833.54
44,29-MAY-2019,11905.8,11931.9,11836.8,11861.1,318068673.0,15985.92
45,30-MAY-2019,11865.3,11968.55,11859.4,11945.9,421199867.0,20261.85
46,31-MAY-2019,11999.8,12039.25,11829.45,11922.8,438879129.0,22789.0
47,03-JUN-2019,11953.75,12103.05,11920.1,12088.55,315296955.0,17451.36
48,04-JUN-2019,12052.65,12095.2,12005.85,12021.65,289221904.0,15308.28
49,06-JUN-2019,12039.8,12039.8,11830.25,11843.75,415206942.0,21144.77
50,07-JUN-2019,11865.2,11897.5,11769.5,11870.65,302455910.0,14939.4
51,10-JUN-2019,11934.9,11975.05,11871.75,11922.7,303329445.0,13125.41
52,11-JUN-2019,11959.85,12000.35,11904.35,11965.6,332181958.0,15392.28
53,12-JUN-2019,11962.45,11962.45,11866.35,11906.2,283718253.0,14120.17
54,13-JUN-2019,11873.9,11931.35,11817.05,11914.05,447901993.0,18680.91
55,14-JUN-2019,11910.1,11911.85,11797.7,11823.3,390294634.0,16226.57
56,17-JUN-2019,11844.0,11844.05,11657.75,11672.15,295528399.0,13851.67
57,18-JUN-2019,11677.05,11727.2,11641.15,11691.5,365525622.0,16120.69
58,19-JUN-2019,11744.45,11802.5,11625.1,11691.45,446933027.0,18722.71
59,20-JUN-2019,11653.65,11843.5,11635.05,11831.75,442016954.0,18839.11
60,21-JUN-2019,11827.6,11827.95,11705.1,11724.1,468430388.0,23346.13
61,24-JUN-2019,11725.8,11754.0,11670.2,11699.65,277620788.0,12631.38
62,25-JUN-2019,11681.0,11814.4,11651.0,11796.45,300476353.0,13822.83
63,26-JUN-2019,11768.15,11871.85,11757.55,11847.55,327885018.0,14650.89
64,27-JUN-2019,11860.85,11911.15,11821.05,11841.55,480169350.0,23300.3
65,28-JUN-2019,11861.15,11871.7,11775.5,11788.85,303888701.0,15191.9
66,01-JUL-2019,11839.9,11884.65,11830.8,11865.6,278415889.0,12874.96
67,02-JUL-2019,11890.3,11917.45,11814.7,11910.3,363197036.0,13615.94
68,03-JUL-2019,11932.15,11945.2,11887.05,11916.75,340527508.0,14290.33
69,04-JUL-2019,11928.8,11969.25,11923.65,11946.75,333595172.0,14758.87
70,05-JUL-2019,11964.75,11981.75,11797.9,11811.15,530720039.0,18871.99
71,08-JUL-2019,11770.4,11771.9,11523.3,11558.6,464029444.0,19146.25
72,09-JUL-2019,11531.6,11582.55,11461.0,11555.9,442520253.0,21577.95
73,10-JUL-2019,11536.15,11593.7,11475.65,11498.9,337571014.0,16098.53
74,11-JUL-2019,11561.45,11599.0,11519.5,11582.9,317257578.0,14586.2
75,12-JUL-2019,11601.15,11639.55,11538.6,11552.5,359421182.0,16947.57
76,15-JUL-2019,11614.75,11618.4,11532.3,11588.35,368788782.0,15835.99
77,16-JUL-2019,11596.65,11670.05,11573.95,11662.6,480156167.0,15967.91
78,17-JUL-2019,11670.75,11706.65,11651.15,11687.5,464827734.0,15250.5
79,18-JUL-2019,11675.6,11677.15,11582.4,11596.9,498258158.0,16684.03
80,19-JUL-2019,11627.95,11640.35,11399.3,11419.25,446049198.0,17326.4
81,22-JUL-2019,11392.85,11398.15,11301.25,11346.2,516044335.0,19304.23
82,23-JUL-2019,11372.25,11398.15,11302.8,11331.05,458931191.0,19199.32
83,24-JUL-2019,11322.45,11359.75,11229.8,11271.3,413202832.0,18353.13
84,25-JUL-2019,11290.4,11361.4,11239.35,11252.15,553676897.0,24329.21
85,26-JUL-2019,11247.45,11307.6,11210.05,11284.3,522670420.0,20350.38
86,29-JUL-2019,11307.5,11310.95,11152.4,11189.2,482862376.0,18705.92
87,30-JUL-2019,11213.7,11267.45,11072.65,11085.4,479059399.0,20545.71
88,31-JUL-2019,11034.05,11145.3,10999.4,11118.0,536694278.0,23681.22
89,01-AUG-2019,11060.2,11076.75,10881.0,10980.0,499918953.0,21048.32
90,02-AUG-2019,10930.3,11080.15,10848.95,10997.35,547416246.0,23972.04
91,05-AUG-2019,10895.8,10895.8,10782.6,10862.6,506556609.0,20824.1
92,06-AUG-2019,10815.4,11018.55,10813.8,10948.25,517891491.0,21676.4
93,07-AUG-2019,10958.1,10975.65,10835.9,10855.5,548465787.0,21228.28
94,08-AUG-2019,10899.2,11058.05,10842.95,11032.45,482471622.0,20667.6
95,09-AUG-2019,11087.9,11181.45,11062.8,11109.65,538063563.0,21092.05
96,13-AUG-2019,11139.4,11145.9,10901.6,10925.85,624634647.0,24790.67
97,14-AUG-2019,11003.25,11078.15,10935.6,11029.4,511541716.0,19712.81
98,16-AUG-2019,11043.65,11068.65,10924.3,11047.8,470909918.0,19281.91
99,19-AUG-2019,11094.8,11146.9,11037.85,11053.9,369493161.0,14120.35
100,20-AUG-2019,11063.9,11076.3,10985.3,11017.0,444715679.0,16915.96
101,21-AUG-2019,11018.15,11034.2,10906.65,10918.7,557867906.0,16747.99
102,22-AUG-2019,10905.3,10908.25,10718.3,10741.35,668193449.0,18764.38
103,23-AUG-2019,10699.6,10862.55,10637.15,10829.35,667079625.0,20983.75
104,26-AUG-2019,11000.3,11070.3,10756.55,11057.85,684141923.0,22375.99
105,27-AUG-2019,11106.55,11141.75,11049.5,11105.35,685551267.0,27413.16
106,28-AUG-2019,11101.3,11129.65,10987.65,11046.1,549954696.0,16739.43
107,29-AUG-2019,10996.05,11021.1,10922.4,10948.3,649876160.0,20127.77
108,30-AUG-2019,10987.8,11042.6,10874.8,11023.25,628154431.0,21057.31
109,03-SEP-2019,10960.95,10967.5,10772.7,10797.9,483038985.0,16595.6
110,04-SEP-2019,10790.4,10858.75,10746.35,10844.65,508784352.0,19195.1
111,05-SEP-2019,10860.95,10920.1,10816.0,10847.9,595699267.0,18279.88
112,06-SEP-2019,10883.8,10957.05,10867.45,10946.2,497214445.0,18167.78
113,09-SEP-2019,10936.7,11028.85,10889.8,11003.05,412471067.0,14762.07
114,11-SEP-2019,11028.5,11054.8,11011.65,11035.7,687140326.0,19550.59
115,12-SEP-2019,11058.3,11081.75,10964.95,10982.8,551436050.0,17510.17
116,13-SEP-2019,10986.8,11084.45,10945.75,11075.9,624305151.0,18012.76
117,16-SEP-2019,10994.85,11052.7,10968.2,11003.5,434449776.0,15786.17
118,17-SEP-2019,11000.1,11000.1,10796.5,10817.6,482013044.0,17721.93
119,18-SEP-2019,10872.8,10885.15,10804.85,10840.65,519155072.0,16784.43
120,19-SEP-2019,10845.2,10845.2,10670.25,10704.8,642599183.0,16642.83
121,20-SEP-2019,10746.8,11381.9,10691.0,11274.2,1356767450.0,54081.53
122,23-SEP-2019,11542.7,11694.85,11471.35,11600.2,882826741.0,40005.01
123,24-SEP-2019,11590.7,11655.05,11539.2,11588.2,651722255.0,26930.07
124,25-SEP-2019,11564.85,11564.95,11416.1,11440.2,629054640.0,25266.24
125,26-SEP-2019,11469.85,11610.85,11466.35,11571.2,844465614.0,30707.84
126,27-SEP-2019,11556.35,11593.6,11499.75,11512.4,650017280.0,19036.94
127,30-SEP-2019,11491.15,11508.25,11390.8,11474.45,756848686.0,23748.07
128,01-OCT-2019,11515.4,11554.2,11247.9,11359.9,1305415159.0,28972.72
129,03-OCT-2019,11322.25,11370.4,11257.35,11314.0,1017479514.0,21658.38
130,04-OCT-2019,11388.45,11400.3,11158.35,11174.75,928524450.0,22470.76
131,07-OCT-2019,11196.2,11233.85,11112.65,11126.4,733198763.0,18641.37
132,09-OCT-2019,11152.95,11321.6,11090.15,11313.3,741148639.0,20961.54
133,10-OCT-2019,11280.5,11293.35,11208.55,11234.55,562017945.0,19234.31
134,11-OCT-2019,11257.7,11362.9,11189.4,11305.05,737795150.0,22511.39
135,14-OCT-2019,11335.9,11420.45,11290.05,11341.15,587579191.0,17499.48
136,15-OCT-2019,11360.85,11462.35,11342.1,11428.3,527396180.0,17041.55
137,16-OCT-2019,11464.95,11481.05,11411.1,11464.0,533468525.0,18266.06
138,17-OCT-2019,11466.3,11599.1,11439.65,11586.35,797572398.0,20839.2
139,18-OCT-2019,11580.3,11684.7,11553.15,11661.85,853440208.0,22315.99
140,22-OCT-2019,11657.15,11714.35,11573.65,11588.35,867601307.0,29726.27
141,23-OCT-2019,11596.2,11651.6,11554.4,11604.1,664159887.0,23397.69
142,24-OCT-2019,11661.65,11679.6,11534.65,11582.6,700481662.0,25177.46
143,25-OCT-2019,11646.15,11646.9,11490.75,11583.9,812027840.0,23611.51
144,27-OCT-2019,11662.25,11672.4,11604.6,11627.15,161779004.0,3548.21
145,29-OCT-2019,11643.95,11809.4,11627.35,11786.85,951722529.0,27054.87
146,30-OCT-2019,11883.9,11883.95,11784.45,11844.1,725219760.0,22672.18
147,31-OCT-2019,11890.45,11945.0,11855.1,11877.45,1414837250.0,31304.73
148,01-NOV-2019,11886.6,11918.3,11843.35,11890.6,855338495.0,24933.55
149,04-NOV-2019,11928.9,11989.15,11905.35,11941.3,823050457.0,23203.88
150,05-NOV-2019,11974.6,11978.95,11861.9,11917.2,631952071.0,20995.88
151,06-NOV-2019,11911.5,12002.9,11850.25,11966.05,603351290.0,23324.97
152,07-NOV-2019,12021.1,12021.4,11946.85,12012.05,562963817.0,20898.24
153,08-NOV-2019,11987.15,12034.15,11888.75,11908.15,789254360.0,22931.52
154,11-NOV-2019,11879.2,11932.65,11853.95,11913.45,548979515.0,16548.47
155,13-NOV-2019,11908.3,11946.8,11823.2,11840.45,659035969.0,20401.5
156,14-NOV-2019,11858.75,11895.65,11802.65,11872.1,559494025.0,19114.86
157,15-NOV-2019,11904.2,11973.65,11879.25,11895.45,580154179.0,22350.63
158,18-NOV-2019,11915.15,11946.2,11867.6,11884.5,514352437.0,17991.41
159,19-NOV-2019,11919.45,11958.85,11881.75,11940.1,613909679.0,21574.84
160,20-NOV-2019,12004.75,12038.6,11966.05,11999.1,646661147.0,24341.14
161,21-NOV-2019,12025.65,12028.2,11956.9,11968.4,557685781.0,21609.99
162,22-NOV-2019,11967.3,11968.1,11883.5,11914.4,486815185.0,19243.57
163,25-NOV-2019,11922.45,12084.5,11919.75,12073.75,534289467.0,19990.44
164,26-NOV-2019,12110.2,12132.45,12006.35,12037.7,1201335831.0,46030.62
165,27-NOV-2019,12068.5,12114.9,12055.15,12100.7,584226618.0,19937.4
166,28-NOV-2019,12132.1,12158.8,12099.95,12151.15,620479403.0,21229.58
167,29-NOV-2019,12146.2,12147.4,12017.4,12056.05,804430391.0,21838.04
168,02-DEC-2019,12137.05,12137.15,12023.7,12048.2,720945335.0,23113.18
169,03-DEC-2019,12067.65,12068.6,11956.4,11994.2,605789334.0,18203.76
170,04-DEC-2019,11969.95,12054.7,11935.3,12043.2,747193818.0,22132.83
171,05-DEC-2019,12071.25,12081.2,11998.75,12018.4,562228745.0,19589.81
172,06-DEC-2019,12047.35,12057.05,11888.85,11921.5,609221205.0,18245.49
173,09-DEC-2019,11939.1,11981.95,11888.05,11937.5,599115748.0,16672.87
174,10-DEC-2019,11950.5,11953.2,11844.7,11856.8,650219487.0,16514.63
175,11-DEC-2019,11867.35,11923.2,11832.3,11910.15,997655048.0,18760.57
176,12-DEC-2019,11944.3,12005.5,11934.0,11971.8,752617138.0,18401.22
177,13-DEC-2019,12026.4,12098.85,12023.6,12086.7,597712516.0,20626.8
178,16-DEC-2019,12131.35,12134.65,12046.3,12053.95,437703921.0,16110.34
179,17-DEC-2019,12082.45,12182.75,12070.35,12165.0,499585789.0,20968.79
180,18-DEC-2019,12197.0,12237.7,12163.45,12221.65,518854651.0,22341.06
181,19-DEC-2019,12223.4,12268.35,12191.15,12259.7,623049839.0,19761.9
182,20-DEC-2019,12266.45,12293.9,12252.75,12271.8,810676090.0,25750.24
183,23-DEC-2019,12235.45,12287.15,12213.25,12262.75,604782354.0,18078.23
184,24-DEC-2019,12269.25,12283.7,12202.1,12214.55,470290298.0,13864.56
185,26-DEC-2019,12211.85,12221.55,12118.85,12126.55,520326632.0,16362.31
186,27-DEC-2019,12172.9,12258.45,12157.9,12245.8,383788556.0,13676.2
187,30-DEC-2019,12274.9,12286.45,12213.8,12255.85,411084614.0,14556.73
188,31-DEC-2019,12247.1,12247.1,12151.8,12168.45,426931711.0,14812.89
189,01-JAN-2020,12202.15,12222.2,12165.3,12182.5,304078039.0,10445.68
190,02-JAN-2020,12198.55,12289.9,12195.25,12282.2,407697594.0,15256.55
191,03-JAN-2020,12261.1,12265.6,12191.35,12226.65,428770054.0,16827.27
192,06-JAN-2020,12170.6,12179.1,11974.2,11993.05,396501419.0,16869.22
193,07-JAN-2020,12079.1,12152.15,12005.35,12052.95,447818617.0,17797.68
194,08-JAN-2020,11939.1,12044.95,11929.6,12025.35,445991640.0,18281.15
195,09-JAN-2020,12153.15,12224.05,12132.55,12215.9,477469878.0,18456.64
196,10-JAN-2020,12271.0,12311.2,12213.2,12256.8,660627930.0,18818.62
197,13-JAN-2020,12296.7,12337.75,12285.8,12329.55,500968242.0,17522.13
198,14-JAN-2020,12333.1,12374.25,12308.7,12362.3,616260555.0,17948.92
199,15-JAN-2020,12349.4,12355.15,12278.75,12343.3,684352965.0,17882.51
200,16-JAN-2020,12347.1,12389.05,12315.8,12355.5,395670245.0,16004.06
201,17-JAN-2020,12328.4,12385.45,12321.4,12352.35,502060615.0,21397.63
202,20-JAN-2020,12430.5,12430.5,12216.9,12224.55,491609317.0,21415.43
203,21-JAN-2020,12195.3,12230.05,12162.3,12169.85,443976442.0,18682.65
204,22-JAN-2020,12218.35,12225.05,12087.9,12106.9,526294513.0,19758.68
205,23-JAN-2020,12123.75,12189.0,12094.1,12180.35,867653663.0,23829.39
206,24-JAN-2020,12174.55,12272.15,12149.65,12248.25,593237908.0,18032.27
207,27-JAN-2020,12197.1,12216.6,12107.0,12119.0,441158138.0,17988.61
208,28-JAN-2020,12148.1,12163.55,12024.5,12055.8,478484057.0,20917.62
209,29-JAN-2020,12114.9,12169.6,12103.8,12129.5,514362340.0,20646.18
210,30-JAN-2020,12147.75,12150.3,12010.6,12035.8,538138743.0,19372.67
211,31-JAN-2020,12100.4,12103.55,11945.85,11962.1,771278258.0,26044.91
212,01-FEB-2020,11939.0,12017.35,11633.3,11661.85,537634767.0,20598.12
213,03-FEB-2020,11627.45,11749.85,11614.5,11707.9,669815788.0,25415.26
214,04-FEB-2020,11786.25,11986.15,11783.4,11979.65,560430291.0,22338.5
215,05-FEB-2020,12005.85,12098.15,11953.35,12089.15,758032580.0,22998.05
216,06-FEB-2020,12120.0,12160.6,12084.65,12137.95,565116236.0,21735.92
217,07-FEB-2020,12151.15,12154.7,12073.95,12098.35,473475144.0,16339.61
218,10-FEB-2020,12102.35,12103.55,11990.75,12031.5,525674715.0,17185.14
219,11-FEB-2020,12108.4,12172.3,12099.0,12107.9,480491557.0,16209.52
220,12-FEB-2020,12151.0,12231.75,12144.3,12201.2,412399174.0,16598.33
221,13-FEB-2020,12219.55,12225.65,12139.8,12174.65,501510138.0,16315.27
222,14-FEB-2020,12190.15,12246.7,12091.2,12113.45,623053270.0,20759.51
223,17-FEB-2020,12131.8,12159.6,12037.0,12045.8,455412408.0,15439.55
224,18-FEB-2020,12028.25,12030.75,11908.05,11992.5,677307424.0,18853.0
225,19-FEB-2020,12090.6,12134.7,12042.1,12125.9,514030605.0,17610.89
226,20-FEB-2020,12119.0,12152.0,12071.45,12080.85,502875583.0,18831.51
227,24-FEB-2020,12012.55,12012.55,11813.4,11829.4,491224913.0,19421.04
228,25-FEB-2020,11877.5,11883.05,11779.9,11797.9,461349973.0,18510.82
229,26-FEB-2020,11738.55,11783.25,11639.6,11678.5,567990976.0,21887.07
230,27-FEB-2020,11661.25,11663.85,11536.7,11633.3,609266324.0,21623.47
231,28-FEB-2020,11382.0,11384.8,11175.05,11201.75,810523106.0,32297.15
232,02-MAR-2020,11387.35,11433.0,11036.25,11132.75,681148567.0,24204.55
233,03-MAR-2020,11217.55,11342.25,11152.55,11303.3,696919348.0,23281.2
234,04-MAR-2020,11351.35,11356.6,11082.15,11251.0,798021596.0,26928.46
235,05-MAR-2020,11306.05,11389.5,11244.6,11269.0,1353209029.0,26980.65
236,06-MAR-2020,10942.65,11035.1,10827.4,10989.45,1811564187.0,26455.29
237,09-MAR-2020,10742.05,10751.55,10294.45,10451.45,1566119057.0,35151.79
238,11-MAR-2020,10334.3,10545.1,10334.0,10458.4,1219079693.0,32548.47
239,12-MAR-2020,10039.95,10040.75,9508.0,9590.15,1344263317.0,39283.97
240,13-MAR-2020,9107.6,10159.4,8555.15,9955.2,1389061775.0,44167.89
241,16-MAR-2020,9587.8,9602.2,9165.1,9197.4,898523271.0,29181.8
242,17-MAR-2020,9285.4,9403.8,8915.6,8967.05,936185892.0,28004.16
243,18-MAR-2020,9088.45,9127.55,8407.05,8468.8,1517275761.0,39256.71
244,19-MAR-2020,8063.3,8575.45,7832.55,8263.45,926508824.0,34274.23
245,20-MAR-2020,8284.45,8883.0,8178.2,8745.45,1072263600.0,37321.25
0,23-MAR-2020,7945.7,8159.25,7583.6,7610.25,654151814.0,23891.9
1,24-MAR-2020,7848.3,8036.95,7511.1,7801.05,739354439.0,28282.09
2,25-MAR-2020,7735.15,8376.75,7714.75,8317.85,738114713.0,28482.01
3,26-MAR-2020,8451.0,8749.05,8304.9,8641.45,866534643.0,32228.31
4,27-MAR-2020,8949.1,9038.9,8522.9,8660.25,801923401.0,31336.86
5,30-MAR-2020,8385.95,8576.0,8244.0,8281.1,593953051.0,24724.44
6,31-MAR-2020,8529.35,8678.3,8358.0,8597.75,713390935.0,27401.3
7,01-APR-2020,8584.1,8588.1,8198.35,8253.8,507509685.0,21307.3
8,03-APR-2020,8356.55,8356.55,8055.8,8083.8,697752438.0,26561.18
9,07-APR-2020,8446.3,8819.4,8360.95,8792.2,815245226.0,35206.69
10,08-APR-2020,8688.9,9131.7,8653.9,8748.75,897562690.0,37641.68
11,09-APR-2020,8973.05,9128.35,8904.55,9111.9,743036134.0,32907.82
12,13-APR-2020,9103.95,9112.05,8912.4,8993.85,644468815.0,26749.06
13,15-APR-2020,9196.4,9261.2,8874.1,8925.3,880159358.0,41878.64
14,16-APR-2020,8851.25,9053.75,8821.9,8992.8,720116479.0,31318.29
15,17-APR-2020,9323.45,9324.0,9091.35,9266.75,684910520.0,33334.73
16,20-APR-2020,9390.2,9390.85,9230.8,9261.85,726364699.0,28620.91
17,21-APR-2020,9016.95,9044.4,8909.4,8981.45,655122903.0,28273.89
18,22-APR-2020,9026.75,9209.75,8946.25,9187.3,734383388.0,33981.82
19,23-APR-2020,9232.35,9343.6,9170.15,9313.9,666650462.0,30270.55
20,24-APR-2020,9163.9,9296.9,9141.3,9154.4,659439249.0,32859.05
21,27-APR-2020,9259.7,9377.1,9250.35,9282.3,512793298.0,26696.54
22,28-APR-2020,9389.8,9404.4,9260.0,9380.9,614548983.0,30091.41
23,29-APR-2020,9408.6,9599.85,9392.35,9553.35,653026950.0,31673.23
24,30-APR-2020,9753.5,9889.05,9731.5,9859.9,931173802.0,39332.46
25,04-MAY-2020,9533.5,9533.5,9266.95,9293.5,687487134.0,29785.95
26,05-MAY-2020,9429.4,9450.9,9190.75,9205.6,725196178.0,29700.2
27,06-MAY-2020,9226.8,9346.9,9116.5,9270.9,722185448.0,30798.1
28,07-MAY-2020,9234.05,9277.85,9175.9,9199.05,708740416.0,59705.53
29,08-MAY-2020,9376.95,9382.65,9238.2,9251.5,609053504.0,30743.45
30,11-MAY-2020,9348.15,9439.9,9219.95,9239.2,704647074.0,31048.47
31,12-MAY-2020,9168.85,9240.85,9043.95,9196.55,805458787.0,37706.27
32,13-MAY-2020,9584.2,9584.5,9351.1,9383.55,846395245.0,36488.9
33,14-MAY-2020,9213.95,9281.1,9119.75,9142.75,602555564.0,29541.59
34,15-MAY-2020,9182.4,9182.4,9050.0,9136.85,575857112.0,25847.33
35,18-MAY-2020,9158.3,9158.3,8806.75,8823.25,772983297.0,33347.46
36,19-MAY-2020,8961.7,9030.35,8855.3,8879.1,762152894.0,32026.94
37,20-MAY-2020,8889.15,9093.8,8875.35,9066.55,622308140.0,30721.99
38,21-MAY-2020,9079.45,9178.55,9056.1,9106.25,631542699.0,28303.51
39,22-MAY-2020,9067.9,9149.6,8968.55,9039.25,675759336.0,31625.47
40,26-MAY-2020,9099.75,9161.65,8996.65,9029.05,654959960.0,30871.59
41,27-MAY-2020,9082.2,9334.0,9004.25,9314.95,763492487.0,34603.88
42,28-MAY-2020,9364.95,9511.25,9336.5,9490.1,837911425.0,37761.91
43,29-MAY-2020,9422.2,9598.85,9376.9,9580.3,967005438.0,45006.25
44,01-JUN-2020,9726.85,9931.6,9706.95,9826.15,794183122.0,38096.92
45,02-JUN-2020,9880.85,9995.6,9824.05,9979.1,770192848.0,36723.11
46,03-JUN-2020,10108.3,10176.2,10035.55,10061.55,794664422.0,38343.61
47,04-JUN-2020,10054.25,10123.85,9944.25,10029.1,775106567.0,36399.04
48,05-JUN-2020,10093.8,10177.8,10040.75,10142.15,987122302.0,37824.63
49,08-JUN-2020,10326.75,10328.5,10120.25,10167.45,936485541.0,37819.06
50,09-JUN-2020,10181.15,10291.15,10021.45,10046.65,754217460.0,36201.05
51,10-JUN-2020,10072.6,10148.75,10036.85,10116.15,632383068.0,28485.47
52,11-JUN-2020,10094.1,10112.05,9885.05,9902.0,715453486.0,30813.85
53,12-JUN-2020,9544.95,9996.05,9544.35,9972.9,796306399.0,36505.77
54,15-JUN-2020,9919.35,9943.35,9726.35,9813.7,716053036.0,31926.65
55,16-JUN-2020,10014.8,10046.15,9728.5,9914.0,899895044.0,36257.89
56,17-JUN-2020,9876.7,10003.6,9833.8,9881.15,685418390.0,30700.69
57,18-JUN-2020,9863.25,10111.2,9845.05,10091.65,622895963.0,28594.32
58,19-JUN-2020,10119.0,10272.4,10072.65,10244.4,892096343.0,48103.56
59,22-JUN-2020,10318.75,10393.65,10277.6,10311.2,685385093.0,35529.8
60,23-JUN-2020,10347.95,10484.7,10301.75,10471.0,669195109.0,34148.13
61,24-JUN-2020,10529.25,10553.15,10281.95,10305.3,854799801.0,41394.45
62,25-JUN-2020,10235.55,10361.8,10194.5,10288.9,994190886.0,41726.07
63,26-JUN-2020,10378.9,10409.85,10311.25,10383.0,671910159.0,31841.68
64,29-JUN-2020,10311.95,10337.95,10223.6,10312.4,574544482.0,27019.46
65,30-JUN-2020,10382.6,10401.05,10267.35,10302.1,556238560.0,27342.55
66,01-JUL-2020,10323.8,10447.05,10299.6,10430.05,573550127.0,28736.28
67,02-JUL-2020,10493.05,10598.2,10485.55,10551.7,597423931.0,31235.17
68,03-JUL-2020,10614.95,10631.3,10562.65,10607.35,525190704.0,25186.39
69,06-JUL-2020,10723.85,10811.4,10695.1,10763.65,571212914.0,29857.54
70,07-JUL-2020,10802.85,10813.8,10689.7,10799.65,636764929.0,36502.37
71,08-JUL-2020,10818.65,10847.85,10676.55,10705.75,767941333.0,37676.34
72,09-JUL-2020,10755.55,10836.85,10733.0,10813.45,618652409.0,31315.87
73,10-JUL-2020,10764.1,10819.4,10713.0,10768.05,590705425.0,31557.58
74,13-JUL-2020,10851.85,10894.05,10756.05,10802.7,554050579.0,30606.3
75,14-JUL-2020,10750.85,10755.65,10562.9,10607.35,532368699.0,30902.47
76,,,,,,715901258.0,42376.03
77,,,,,,694402635.0,41453.95
78,,,,,,676881092.0,35592.83
79,,,,,,554306867.0,32738.64
80,21-JUL-2020,11126.1,11179.55,11113.25,11162.25,771998838.0,42461.89
81,22-JUL-2020,11231.2,11238.1,11056.55,11132.6,765074288.0,41068.72
82,23-JUL-2020,11135.0,11239.8,11103.15,11215.45,621575333.0,32744.93
83,24-JUL-2020,11149.95,11225.4,11090.3,11194.15,678935175.0,40217.17
84,27-JUL-2020,11225.0,11225.0,11087.85,11131.8,588148687.0,34539.73
85,28-JUL-2020,11154.1,11317.75,11151.4,11300.55,683891350.0,38677.47
86,29-JUL-2020,11276.9,11341.4,11149.75,11202.85,600726301.0,38726.02
87,30-JUL-2020,11254.3,11299.95,11084.95,11102.15,677761342.0,39150.44
88,31-JUL-2020,11139.5,11150.4,11026.65,11073.45,642560311.0,36220.09
89,03-AUG-2020,11057.55,11058.05,10882.25,10891.6,680929323.0,31149.94
90,04-AUG-2020,10946.65,11112.25,10908.1,11095.25,625738313.0,35357.96
91,05-AUG-2020,11155.75,11225.65,11064.05,11101.65,667639446.0,34894.58
92,06-AUG-2020,11185.7,11256.8,11127.3,11200.15,600374615.0,31501.08
93,07-AUG-2020,11186.65,11231.9,11142.05,11214.05,452629891.0,27054.43
94,10-AUG-2020,11270.25,11337.3,11238.0,11270.15,491999534.0,29108.25
95,11-AUG-2020,11322.25,11373.6,11299.15,11322.5,586084846.0,30314.89
96,12-AUG-2020,11289.0,11322.0,11242.65,11308.4,609858960.0,28088.09
97,13-AUG-2020,11334.85,11359.3,11269.95,11300.45,562355175.0,26500.52
98,14-AUG-2020,11353.3,11366.25,11111.45,11178.4,645109756.0,31059.23
99,17-AUG-2020,11248.9,11267.1,11144.5,11247.1,633963958.0,27468.67
100,18-AUG-2020,11259.8,11401.7,11253.15,11385.35,579242492.0,27267.51
101,19-AUG-2020,11452.15,11460.35,11394.1,11408.4,626217997.0,27528.12
102,20-AUG-2020,11317.45,11361.45,11289.8,11312.2,791587770.0,27676.18
103,21-AUG-2020,11409.65,11418.5,11362.2,11371.6,668719170.0,26294.26
104,24-AUG-2020,11412.0,11497.25,11410.65,11466.45,532900535.0,28920.84
105,25-AUG-2020,11513.1,11525.9,11423.35,11472.25,638152608.0,28742.82
106,26-AUG-2020,11512.85,11561.75,11461.85,11549.6,743442521.0,34852.01
107,27-AUG-2020,11609.3,11617.35,11540.6,11559.25,719776490.0,31580.61
108,28-AUG-2020,11602.95,11686.05,11589.4,11647.6,806997707.0,39349.92
109,31-AUG-2020,11777.55,11794.25,11325.85,11387.5,1371789450.0,61668.55
110,01-SEP-2020,11464.3,11553.55,11366.9,11470.25,783769555.0,36752.54
111,02-SEP-2020,11478.55,11554.75,11430.4,11535.0,593494423.0,27454.65
112,03-SEP-2020,11566.2,11584.95,11507.65,11527.45,607115212.0,26868.26
113,04-SEP-2020,11354.4,11452.05,11303.65,11333.85,681338905.0,31746.86
114,07-SEP-2020,11359.6,11381.15,11251.7,11355.05,560322964.0,25959.82
115,08-SEP-2020,11378.55,11437.25,11290.45,11317.35,572239350.0,27979.7
116,09-SEP-2020,11218.6,11298.15,11185.15,11278.0,728880693.0,32660.67
117,10-SEP-2020,11363.3,11464.05,11327.4,11449.25,679419973.0,39239.1
118,11-SEP-2020,11447.8,11493.5,11419.9,11464.45,554789157.0,29614.09
119,14-SEP-2020,11540.15,11568.9,11383.55,11440.05,642270123.0,33996.94
120,15-SEP-2020,11487.2,11535.95,11442.25,11521.8,506667239.0,28054.51
121,16-SEP-2020,11538.45,11618.1,11516.75,11604.55,527804775.0,27629.71
122,17-SEP-2020,11539.4,11587.2,11498.5,11516.1,517729494.0,29674.95
123,18-SEP-2020,11584.1,11584.1,11446.1,11504.95,764154094.0,48698.68
124,21-SEP-2020,11503.8,11535.25,11218.5,11250.55,602851737.0,37213.23
125,22-SEP-2020,11301.75,11302.2,11084.65,11153.65,672249921.0,36296.49
126,23-SEP-2020,11258.75,11259.55,11024.4,11131.85,714925847.0,35542.98
127,24-SEP-2020,11011.0,11015.3,10790.2,10805.55,706139506.0,33623.71
128,25-SEP-2020,10910.4,11072.6,10854.85,11050.25,559597322.0,31122.18
129,28-SEP-2020,11140.85,11239.35,11099.85,11227.55,472777324.0,24361.17
130,29-SEP-2020,11288.6,11305.4,11181.0,11222.4,498295735.0,26875.14
131,30-SEP-2020,11244.45,11295.4,11184.55,11247.55,499343849.0,28134.77
132,01-OCT-2020,11364.45,11428.6,11347.05,11416.95,447740006.0,26212.72
133,05-OCT-2020,11487.8,11578.05,11452.3,11503.35,530597393.0,31341.55
134,06-OCT-2020,11603.45,11680.3,11564.3,11662.4,561444728.0,30373.65
135,07-OCT-2020,11679.25,11763.05,11629.35,11738.85,513367516.0,32935.98
136,08-OCT-2020,11835.4,11905.7,11791.15,11834.6,608768573.0,38677.49
137,09-OCT-2020,11852.05,11938.6,11805.2,11914.2,611079482.0,34546.8
138,12-OCT-2020,11973.55,12022.05,11867.2,11930.95,522627571.0,26586.47
139,13-OCT-2020,11934.65,11988.2,11888.9,11934.5,458304851.0,29403.22
140,14-OCT-2020,11917.4,11997.2,11822.15,11971.05,569245407.0,29940.62
141,15-OCT-2020,12023.45,12025.45,11661.3,11680.35,608865041.0,35175.92
142,16-OCT-2020,11727.4,11789.75,11667.85,11762.45,555764762.0,30439.19
143,19-OCT-2020,11879.2,11898.25,11820.4,11873.05,541420990.0,29888.6
144,20-OCT-2020,11861.0,11949.25,11837.25,11896.8,453560934.0,28367.34
145,21-OCT-2020,11958.55,12018.65,11775.75,11937.65,623658140.0,37477.13
146,22-OCT-2020,11890.0,11939.55,11823.45,11896.45,544901152.0,33013.17
147,23-OCT-2020,11957.9,11974.55,11908.75,11930.35,502340361.0,27424.61
148,26-OCT-2020,11937.4,11942.85,11711.7,11767.75,519815905.0,29316.02
149,27-OCT-2020,11807.1,11899.05,11723.0,11889.4,616318543.0,37989.97
150,28-OCT-2020,11922.6,11929.4,11684.85,11729.6,704018608.0,37025.89
151,29-OCT-2020,11633.3,11744.15,11606.45,11670.8,554959844.0,30436.62
152,30-OCT-2020,11678.45,11748.95,11535.45,11642.4,553672805.0,28151.58
153,02-NOV-2020,11697.35,11725.65,11557.4,11669.15,568434165.0,35714.57
154,03-NOV-2020,11734.45,11836.2,11723.3,11813.5,674303605.0,36363.95
155,04-NOV-2020,11783.35,11929.65,11756.4,11908.5,667290347.0,38552.09
156,05-NOV-2020,12062.4,12131.1,12027.6,12120.3,632455414.0,32311.46
157,06-NOV-2020,12156.65,12280.4,12131.85,12263.55,576837602.0,34965.94
158,09-NOV-2020,12399.4,12474.05,12367.35,12461.05,553449924.0,34255.11
159,10-NOV-2020,12556.4,12643.9,12475.25,12631.1,847450692.0,51247.01
160,11-NOV-2020,12680.6,12769.75,12571.1,12749.15,880475468.0,54744.55
161,12-NOV-2020,12702.15,12741.15,12624.85,12690.8,622017762.0,36794.24
162,13-NOV-2020,12659.7,12735.95,12607.7,12719.95,513948665.0,34568.65
163,14-NOV-2020,12823.35,12828.7,12749.45,12780.25,107868139.0,5189.38
164,17-NOV-2020,12932.5,12934.05,12797.1,12874.2,707676873.0,40977.03
165,18-NOV-2020,12860.1,12948.85,12819.35,12938.25,731321438.0,39856.45
166,19-NOV-2020,12839.5,12963.0,12745.75,12771.7,768751782.0,44747.08
167,20-NOV-2020,12813.4,12892.45,12730.25,12859.05,663997267.0,42992.15
168,23-NOV-2020,12960.3,12968.85,12825.7,12926.45,633117401.0,42031.38
169,24-NOV-2020,13002.6,13079.1,12978.0,13055.15,571864976.0,37094.23
170,25-NOV-2020,13130.0,13145.85,12833.65,12858.4,679005507.0,37401.36
171,26-NOV-2020,12906.45,13018.0,12790.4,12987.0,549798925.0,34624.15
172,27-NOV-2020,13012.05,13035.3,12914.3,12968.95,1162360673.0,78522.93
173,01-DEC-2020,13062.2,13128.4,12962.8,13109.05,583633902.0,32917.26
174,02-DEC-2020,13121.4,13128.5,12983.55,13113.75,717711761.0,34008.74
175,03-DEC-2020,13215.3,13216.6,13107.9,13133.9,713688035.0,39627.71
176,04-DEC-2020,13177.4,13280.05,13152.85,13258.55,640514315.0,36428.05
177,07-DEC-2020,13264.85,13366.65,13241.95,13355.75,591722966.0,33578.64
178,08-DEC-2020,13393.85,13435.45,13311.05,13392.95,543165361.0,33755.81
179,09-DEC-2020,13458.1,13548.9,13449.6,13529.1,502605319.0,28726.97
180,10-DEC-2020,13488.5,13503.55,13399.3,13478.3,553402501.0,30400.2
181,11-DEC-2020,13512.3,13579.35,13402.85,13513.85,787707481.0,33696.57
182,14-DEC-2020,13571.45,13597.5,13472.45,13558.15,558390043.0,28133.58
183,15-DEC-2020,13547.2,13589.65,13447.05,13567.85,497600393.0,30828.33
184,16-DEC-2020,13663.1,13692.35,13606.45,13682.7,462151091.0,27460.18
185,17-DEC-2020,13713.55,13773.25,13673.55,13740.7,416008520.0,27712.93
186,18-DEC-2020,13764.4,13772.85,13658.6,13760.55,519393189.0,34803.3
187,21-DEC-2020,13741.9,13777.5,13131.45,13328.4,687255400.0,38243.62
188,22-DEC-2020,13373.65,13492.05,13192.9,13466.3,696197300.0,36328.33
189,23-DEC-2020,13473.5,13619.45,13432.2,13601.1,458651819.0,27073.45
190,24-DEC-2020,13672.15,13771.75,13626.9,13749.25,471367730.0,24764.35
191,28-DEC-2020,13815.15,13885.3,13811.55,13873.2,403634030.0,20923.06
192,29-DEC-2020,13910.35,13967.6,13859.9,13932.6,439593961.0,25154.23
193,30-DEC-2020,13980.9,13997.0,13864.95,13981.95,380681073.0,24633.12
194,31-DEC-2020,13970.0,14024.85,13936.45,13981.75,452410109.0,26305.82
195,01-JAN-2021,13996.1,14049.85,13991.35,14018.5,258090905.0,15873.75
196,04-JAN-2021,14104.35,14147.95,13953.75,14132.9,494999295.0,28705.09
197,05-JAN-2021,14075.15,14215.6,14048.15,14199.5,492475349.0,30872.87
198,06-JAN-2021,14240.95,14244.15,14039.9,14146.25,632323316.0,34615.55
199,07-JAN-2021,14253.75,14256.25,14123.1,14137.35,559173512.0,33446.47
200,08-JAN-2021,14258.4,14367.3,14221.65,14347.25,613472067.0,37615.19
201,11-JAN-2021,14474.05,14498.2,14383.1,14484.75,672878543.0,40186.21
202,12-JAN-2021,14473.8,14590.65,14432.85,14563.45,929566952.0,44976.12
203,13-JAN-2021,14639.8,14653.35,14435.7,14564.85,873956688.0,44682.93
204,14-JAN-2021,14550.05,14617.8,14471.5,14595.6,620194977.0,37534.37
205,15-JAN-2021,14594.35,14617.45,14357.85,14433.7,789557216.0,39912.18
206,18-JAN-2021,14453.3,14459.15,14222.8,14281.3,762043554.0,41716.22
207,19-JAN-2021,14371.65,14546.05,14350.85,14521.15,546108304.0,33084.79
208,20-JAN-2021,14538.3,14666.45,14517.55,14644.7,623069963.0,34639.36
209,21-JAN-2021,14730.95,14753.55,14517.25,14590.35,704646957.0,41939.04
210,22-JAN-2021,14583.4,14619.9,14357.75,14371.9,776750347.0,45322.54
211,25-JAN-2021,14477.8,14491.1,14218.6,14238.9,618631493.0,42278.39
212,27-JAN-2021,14237.95,14237.95,13929.3,13967.5,660711117.0,40579.24
213,28-JAN-2021,13810.4,13898.25,13713.25,13817.55,637871621.0,39881.82
214,29-JAN-2021,13946.6,13966.85,13596.75,13634.6,753206122.0,46918.29
215,01-FEB-2021,13758.6,14336.35,13661.75,14281.2,870529495.0,51840.22
216,02-FEB-2021,14481.1,14731.7,14469.15,14647.85,914965225.0,58177.74
217,03-FEB-2021,14754.9,14868.85,14574.15,14789.95,869477087.0,49312.35
218,04-FEB-2021,14789.05,14913.7,14714.75,14895.65,884686415.0,47811.8
219,05-FEB-2021,14952.6,15014.65,14864.75,14924.25,935629058.0,54394.63
220,08-FEB-2021,15064.3,15159.9,15041.05,15115.8,671242694.0,40483.96
221,09-FEB-2021,15164.15,15257.1,15064.3,15109.3,713279133.0,41930.72
222,10-FEB-2021,15119.05,15168.25,14977.2,15106.5,624791133.0,40707.97
223,11-FEB-2021,15073.25,15188.5,15065.4,15173.3,500122414.0,30933.44
224,12-FEB-2021,15186.2,15243.5,15081.0,15163.3,571808807.0,32304.24
225,15-FEB-2021,15270.3,15340.15,15243.4,15314.7,455959720.0,28955.29
226,16-FEB-2021,15371.45,15431.75,15242.2,15313.45,648545320.0,36550.03
227,17-FEB-2021,15279.9,15314.3,15170.75,15208.9,504767226.0,34073.12
228,18-FEB-2021,15238.7,15250.75,15078.05,15118.95,770629541.0,37093.99
229,19-FEB-2021,15074.8,15144.05,14898.2,14981.75,712213821.0,37419.34
230,22-FEB-2021,14999.05,15010.1,14635.05,14675.7,609898454.0,37578.07
231,23-FEB-2021,14782.25,14854.5,14651.85,14707.8,744092809.0,39508.09
232,24-FEB-2021,14729.15,15008.8,14723.05,14982.0,403754669.0,23723.99
233,25-FEB-2021,15079.85,15176.5,15065.35,15097.35,803883875.0,42983.07
234,26-FEB-2021,14888.6,14919.45,14467.75,14529.15,1103644519.0,65012.96
235,01-MAR-2021,14702.5,14806.8,14638.55,14761.55,507302977.0,30030.57
236,02-MAR-2021,14865.3,14959.1,14760.8,14919.1,621723916.0,34647.26
237,03-MAR-2021,15064.4,15273.15,14995.8,15245.6,544205583.0,34567.73
238,04-MAR-2021,15026.75,15202.35,14980.2,15080.75,534850447.0,36036.02
239,05-MAR-2021,14977.95,15092.35,14862.1,14938.1,640700362.0,37811.6
240,08-MAR-2021,15002.45,15111.15,14919.9,14956.2,580308065.0,29518.07
241,09-MAR-2021,15049.9,15126.85,14925.45,15098.4,675271251.0,38365.48
242,10-MAR-2021,15202.15,15218.45,15100.85,15174.8,404585756.0,25603.32
243,12-MAR-2021,15321.15,15336.3,14953.6,15030.95,493238854.0,32195.96
244,15-MAR-2021,15048.4,15048.4,14745.85,14929.5,467473367.0,28118.0
245,16-MAR-2021,14996.1,15051.6,14890.65,14910.45,437651327.0,27975.07
246,17-MAR-2021,14946.55,14956.55,14696.05,14721.3,479352147.0,27983.5
247,18-MAR-2021,14855.5,14875.2,14478.6,14557.85,542216908.0,31339.71
248,19-MAR-2021,14471.15,14788.25,14350.1,14744.0,919178208.0,49011.27
249,22-MAR-2021,14736.3,14763.9,14597.85,14736.4,458997059.0,27345.02
0,22-MAR-2021,14736.3,14763.9,14597.85,14736.4,458997059.0,27345.02
1,23-MAR-2021,14768.55,14878.6,14707.0,14814.75,474150088.0,30322.09
2,24-MAR-2021,14712.45,14752.35,14535.0,14549.4,456403503.0,27868.93
3,25-MAR-2021,14570.9,14575.6,14264.4,14324.9,606820996.0,35350.22
4,26-MAR-2021,14506.3,14572.9,14414.25,14507.3,481000845.0,29423.45
5,30-MAR-2021,14628.5,14876.3,14617.6,14845.1,594520567.0,35117.93
6,31-MAR-2021,14811.85,14813.75,14670.25,14690.7,436874691.0,29741.83
7,01-APR-2021,14798.4,14883.2,14692.45,14867.35,430028476.0,29585.23
8,05-APR-2021,14837.7,14849.85,14459.5,14637.8,500476690.0,33885.39
9,06-APR-2021,14737.0,14779.1,14573.9,14683.5,474211156.0,31885.97
10,07-APR-2021,14716.45,14879.8,14649.85,14819.05,476382016.0,35184.96
11,08-APR-2021,14875.65,14984.15,14821.1,14873.8,503728173.0,34444.56
12,09-APR-2021,14882.65,14918.45,14785.65,14834.85,498347599.0,35010.36
13,12-APR-2021,14644.65,14652.5,14248.7,14310.8,638475842.0,43433.24
14,13-APR-2021,14364.9,14528.9,14274.9,14504.8,588666016.0,40846.57
15,15-APR-2021,14522.4,14597.55,14353.2,14581.45,556851211.0,40177.25
16,16-APR-2021,14599.6,14697.7,14559.0,14617.85,568568743.0,36653.65
17,19-APR-2021,14306.6,14382.3,14191.4,14359.45,503142904.0,34751.95
18,20-APR-2021,14526.7,14526.95,14207.3,14296.4,456704716.0,34687.11
19,22-APR-2021,14219.15,14424.75,14151.4,14406.15,516985252.0,37235.71
20,23-APR-2021,14326.35,14461.15,14273.3,14341.35,476613608.0,31894.66
21,26-APR-2021,14449.45,14557.5,14421.3,14485.0,448533329.0,33156.16
22,27-APR-2021,14493.8,14667.55,14484.85,14653.05,442211685.0,32181.14
23,28-APR-2021,14710.5,14890.25,14694.95,14864.55,453990807.0,37650.11
24,29-APR-2021,14979.0,15044.35,14814.45,14894.9,511466673.0,41597.37
25,30-APR-2021,14747.35,14855.45,14601.7,14631.1,594744498.0,40335.86
26,03-MAY-2021,14481.05,14673.85,14416.25,14634.15,443410846.0,32538.97
27,04-MAY-2021,14687.25,14723.4,14461.5,14496.5,479657079.0,34024.77
28,05-MAY-2021,14604.15,14637.9,14506.6,14617.85,437261063.0,28942.47
29,06-MAY-2021,14668.35,14743.9,14611.5,14724.8,445281496.0,31015.95
30,07-MAY-2021,14816.85,14863.05,14765.5,14823.15,483677266.0,33583.37
31,10-MAY-2021,14928.25,14966.9,14892.5,14942.35,510598577.0,31620.64
32,11-MAY-2021,14789.7,14900.0,14771.4,14850.75,616204478.0,32955.82
33,12-MAY-2021,14823.55,14824.05,14649.7,14696.5,620318215.0,32035.23
34,14-MAY-2021,14749.4,14749.65,14591.9,14677.8,602738614.0,39176.28
35,17-MAY-2021,14756.25,14938.0,14725.35,14923.15,534516176.0,35571.28
36,18-MAY-2021,15067.2,15137.25,15043.7,15108.1,571923125.0,35634.73
37,19-MAY-2021,15058.6,15133.4,15008.85,15030.15,563293717.0,31100.21
38,20-MAY-2021,15042.6,15069.8,14884.9,14906.05,467455658.0,28002.53
39,21-MAY-2021,14987.8,15190.0,14985.85,15175.3,557730470.0,31921.76
40,24-MAY-2021,15211.35,15256.25,15145.45,15197.7,566722866.0,32061.04
41,25-MAY-2021,15291.75,15293.85,15163.4,15208.45,417323446.0,26871.99
42,26-MAY-2021,15257.05,15319.9,15194.95,15301.45,377682051.0,26187.83
43,27-MAY-2021,15323.95,15384.55,15272.5,15337.85,682374351.0,48219.93
44,28-MAY-2021,15421.2,15469.65,15394.75,15435.65,455582440.0,32992.08
45,31-MAY-2021,15437.75,15606.35,15374.0,15582.8,435999456.0,32739.29
46,01-JUN-2021,15629.65,15660.75,15528.3,15574.85,409562322.0,27964.09
47,02-JUN-2021,15520.35,15597.45,15459.85,15576.2,428641666.0,28781.87
48,03-JUN-2021,15655.55,15705.1,15611.0,15690.35,410240584.0,27519.48
49,04-JUN-2021,15712.5,15733.6,15622.35,15670.25,414162241.0,25363.03
50,07-JUN-2021,15725.1,15773.45,15678.1,15751.65,393970049.0,25411.48
51,08-JUN-2021,15773.9,15778.8,15680.0,15740.1,378164658.0,24172.13
52,09-JUN-2021,15766.3,15800.45,15566.9,15635.35,457855735.0,26926.49
53,10-JUN-2021,15692.1,15751.25,15648.5,15737.75,298297041.0,23032.9
54,11-JUN-2021,15796.45,15835.55,15749.8,15799.35,363011297.0,24591.69
55,14-JUN-2021,15791.4,15823.05,15606.5,15811.85,392862037.0,28001.5
56,15-JUN-2021,15866.95,15901.6,15842.4,15869.25,323262818.0,22181.26
57,16-JUN-2021,15847.5,15880.85,15742.6,15767.55,340191175.0,22505.95
58,17-JUN-2021,15648.3,15769.35,15616.75,15691.4,357649243.0,26048.47
59,18-JUN-2021,15756.5,15761.5,15450.9,15683.35,640821642.0,42024.55
60,21-JUN-2021,15525.85,15765.15,15505.65,15746.5,351530072.0,22525.89
61,22-JUN-2021,15840.5,15895.75,15752.1,15772.75,322237561.0,24440.47
62,23-JUN-2021,15862.8,15862.95,15673.95,15686.95,287536735.0,23222.94
63,24-JUN-2021,15737.3,15821.4,15702.7,15790.45,316662241.0,29623.58
64,25-JUN-2021,15839.35,15870.8,15772.3,15860.35,314614380.0,26933.22
65,28-JUN-2021,15915.35,15915.65,15792.15,15814.7,255099272.0,18713.41
66,29-JUN-2021,15807.5,15835.9,15724.05,15748.45,360334724.0,24392.13
67,30-JUN-2021,15776.9,15839.1,15708.75,15721.5,262386323.0,20379.76
68,01-JUL-2021,15755.05,15755.55,15667.05,15680.0,224921644.0,17359.97
69,02-JUL-2021,15705.85,15738.35,15635.95,15722.2,254808999.0,18015.42
70,05-JUL-2021,15793.4,15845.95,15762.05,15834.35,207032153.0,14976.54
71,06-JUL-2021,15813.75,15914.2,15801.0,15818.25,391410742.0,24456.05
72,07-JUL-2021,15819.6,15893.55,15779.7,15879.65,329308646.0,22259.96
73,08-JUL-2021,15855.4,15885.75,15682.9,15727.9,307928495.0,19597.95
74,09-JUL-2021,15688.25,15730.85,15632.75,15689.8,243249366.0,19976.86
75,12-JUL-2021,15766.8,15789.2,15644.75,15692.6,216272488.0,18482.89
76,13-JUL-2021,15794.0,15820.8,15744.6,15812.35,246676549.0,18205.97
77,14-JUL-2021,15808.7,15877.35,15764.2,15853.95,239924352.0,18372.84
78,15-JUL-2021,15872.15,15952.35,15855.0,15924.2,284851049.0,20961.37
79,16-JUL-2021,15958.35,15962.25,15882.6,15923.4,276298105.0,18758.13
80,19-JUL-2021,15754.5,15836.9,15707.5,15752.4,242131813.0,18088.78
81,20-JUL-2021,15703.95,15728.45,15578.55,15632.1,274284165.0,21329.55
82,22-JUL-2021,15736.6,15834.8,15726.4,15824.05,265250867.0,23988.39
83,23-JUL-2021,15856.8,15899.8,15768.4,15856.05,294098244.0,20685.82
84,26-JUL-2021,15849.3,15893.35,15797.0,15824.45,267076679.0,19487.18
85,27-JUL-2021,15860.5,15881.55,15701.0,15746.45,311012065.0,26117.34
86,28-JUL-2021,15761.55,15767.5,15513.45,15709.4,318601589.0,26090.48
87,29-JUL-2021,15762.7,15817.35,15737.8,15778.45,401584915.0,29460.54
88,30-JUL-2021,15800.6,15862.8,15744.85,15763.05,400021237.0,30539.63
89,02-AUG-2021,15874.9,15892.9,15834.65,15885.15,244847433.0,20766.99
90,03-AUG-2021,15951.55,16146.9,15914.35,16130.75,341289658.0,26373.24
91,04-AUG-2021,16195.25,16290.2,16176.15,16258.8,427337644.0,32434.78
92,05-AUG-2021,16288.95,16349.45,16210.3,16294.6,418174517.0,31386.78
93,06-AUG-2021,16304.4,16336.75,16223.3,16238.2,320087281.0,24716.17
94,09-AUG-2021,16281.35,16320.75,16179.05,16258.25,240452917.0,18302.03
95,10-AUG-2021,16274.8,16359.25,16202.25,16280.1,287989486.0,22600.38
96,11-AUG-2021,16327.3,16338.75,16162.55,16282.25,277895886.0,20306.59
97,12-AUG-2021,16303.65,16375.5,16286.9,16364.4,280181324.0,18548.87
98,13-AUG-2021,16385.7,16543.6,16376.3,16529.1,321866286.0,27163.08
99,16-AUG-2021,16518.4,16589.4,16480.75,16563.05,254049330.0,21456.2
100,17-AUG-2021,16545.25,16628.55,16495.4,16614.6,297388470.0,25696.44
101,18-AUG-2021,16691.95,16701.85,16535.85,16568.85,251796822.0,22721.54
102,20-AUG-2021,16382.5,16509.55,16376.05,16450.5,350819323.0,30118.23
103,23-AUG-2021,16592.25,16592.5,16395.7,16496.45,275597782.0,24355.77
104,24-AUG-2021,16561.4,16647.1,16495.3,16624.6,275362819.0,24992.32
105,25-AUG-2021,16654.0,16712.45,16617.5,16634.65,265920141.0,22210.6
106,26-AUG-2021,16627.95,16683.7,16603.4,16636.9,253530997.0,22320.21
107,27-AUG-2021,16642.55,16722.05,16565.6,16705.2,217405743.0,20499.85
108,30-AUG-2021,16775.85,16951.5,16764.85,16931.05,283483108.0,23615.87
109,31-AUG-2021,16947.5,17153.5,16915.85,17132.2,464390247.0,40147.89
110,01-SEP-2021,17185.6,17225.75,17055.05,17076.25,301894634.0,27691.93
111,02-SEP-2021,17095.4,17245.5,17059.7,17234.15,242377518.0,22620.36
112,03-SEP-2021,17262.45,17340.1,17212.2,17323.6,261373795.0,23579.17
113,06-SEP-2021,17399.35,17429.55,17345.55,17377.8,228045532.0,21270.62
114,07-SEP-2021,17401.55,17436.5,17287.0,17362.1,243417811.0,19848.94
115,08-SEP-2021,17375.75,17383.4,17254.2,17353.5,252652423.0,22696.35
116,09-SEP-2021,17312.85,17379.65,17302.7,17369.25,241509352.0,17719.78
117,13-SEP-2021,17363.55,17378.35,17269.15,17355.3,241053924.0,18498.63
118,14-SEP-2021,17420.35,17438.55,17367.05,17380.0,230354386.0,18702.82
119,15-SEP-2021,17387.65,17532.7,17386.9,17519.45,388191629.0,24256.8
120,16-SEP-2021,17539.2,17644.6,17510.45,17629.5,503310763.0,30189.77
121,17-SEP-2021,17709.65,17792.95,17537.65,17585.15,508285916.0,43345.58
122,20-SEP-2021,17443.85,17622.75,17361.8,17396.9,339102046.0,25304.27
123,21-SEP-2021,17450.5,17578.35,17326.1,17562.0,363578479.0,26520.99
124,22-SEP-2021,17580.9,17610.45,17524.0,17546.65,295191136.0,21772.23
125,23-SEP-2021,17670.85,17843.9,17646.55,17822.95,320514486.0,25005.36
126,24-SEP-2021,17897.45,17947.65,17819.4,17853.2,360130853.0,30787.59
127,27-SEP-2021,17932.2,17943.5,17802.9,17855.1,295714657.0,24244.98
128,28-SEP-2021,17906.45,17912.85,17576.1,17748.6,397997281.0,27055.36
129,29-SEP-2021,17657.95,17781.75,17608.15,17711.3,562237732.0,30621.28
130,30-SEP-2021,17718.9,17742.15,17585.35,17618.15,378592721.0,27167.19
131,01-OCT-2021,17531.9,17557.15,17452.9,17532.05,305763919.0,20911.61
132,04-OCT-2021,17615.55,17750.9,17581.35,17691.25,295761839.0,21343.51
133,05-OCT-2021,17661.35,17833.45,17640.9,17822.3,427000191.0,23066.8
134,06-OCT-2021,17861.5,17884.6,17613.15,17646.0,395833550.0,24504.3
135,07-OCT-2021,17810.55,17857.55,17763.8,17790.35,419890959.0,27371.98
136,08-OCT-2021,17886.85,17941.85,17840.35,17895.2,324066351.0,22778.68
137,11-OCT-2021,17867.55,18041.95,17839.1,17945.95,375756457.0,29000.2
138,12-OCT-2021,17915.8,18008.65,17864.95,17991.95,355568313.0,26491.42
139,13-OCT-2021,18097.85,18197.8,18050.75,18161.75,506679748.0,34503.0
140,14-OCT-2021,18272.85,18350.75,18248.7,18338.55,538714440.0,38903.16
141,18-OCT-2021,18500.1,18543.15,18445.3,18477.05,469883515.0,36800.84
142,19-OCT-2021,18602.35,18604.45,18377.7,18418.75,368230309.0,30505.86
143,20-OCT-2021,18439.9,18458.3,18209.35,18266.6,371276478.0,28968.42
144,21-OCT-2021,18382.7,18384.2,18048.0,18178.1,365902008.0,30839.79
145,22-OCT-2021,18230.7,18314.25,18034.35,18114.9,324748084.0,26938.88
146,25-OCT-2021,18229.5,18241.4,17968.5,18125.4,418703647.0,34572.34
147,26-OCT-2021,18154.5,18310.45,18099.3,18268.4,341377869.0,29764.61
148,27-OCT-2021,18295.85,18342.05,18167.9,18210.95,335248487.0,30823.75
149,28-OCT-2021,18187.65,18190.7,17799.45,17857.25,374205784.0,30222.34
150,29-OCT-2021,17833.05,17915.85,17613.1,17671.65,336466864.0,28136.0
151,01-NOV-2021,17783.15,17954.1,17697.1,17929.65,281190130.0,24354.38
152,02-NOV-2021,17970.9,18012.25,17847.6,17888.95,296441997.0,23371.51
153,03-NOV-2021,17947.95,17988.75,17757.95,17829.2,330995982.0,26186.85
154,04-NOV-2021,17935.05,17947.55,17900.6,17916.8,48520856.0,3637.06
155,08-NOV-2021,18040.2,18087.8,17836.1,18068.55,338919483.0,30908.23
156,09-NOV-2021,18084.35,18112.6,17983.05,18044.25,270197527.0,23686.09
157,10-NOV-2021,17973.45,18061.25,17915.0,18017.2,261446523.0,22281.11
158,11-NOV-2021,17967.45,17971.35,17798.2,17873.6,232121151.0,20074.78
159,12-NOV-2021,17977.6,18123.0,17905.9,18102.75,249111898.0,22164.33
160,15-NOV-2021,18140.95,18210.15,18071.3,18109.45,280428633.0,19099.6
161,16-NOV-2021,18127.05,18132.65,17958.8,17999.2,267431829.0,24101.67
162,17-NOV-2021,17939.35,18022.65,17879.25,17898.65,295715938.0,22950.84
163,18-NOV-2021,17890.55,17945.6,17688.5,17764.8,278425148.0,22625.36
164,22-NOV-2021,17796.25,17805.25,17280.45,17416.55,356400425.0,29570.57
165,23-NOV-2021,17281.75,17553.7,17216.1,17503.35,308843255.0,26240.41
166,24-NOV-2021,17550.05,17600.6,17354.0,17415.05,298052158.0,23766.93
167,25-NOV-2021,17417.3,17564.35,17351.7,17536.25,255947032.0,21953.33
168,26-NOV-2021,17338.75,17355.4,16985.7,17026.45,356330009.0,28485.53
169,29-NOV-2021,17055.8,17160.7,16782.4,17053.95,348888750.0,27428.2
170,30-NOV-2021,17051.15,17324.65,16931.4,16983.2,497999836.0,41494.9
171,01-DEC-2021,17104.4,17213.05,17064.25,17166.9,295542125.0,24098.73
172,02-DEC-2021,17183.2,17420.35,17149.3,17401.65,279867500.0,22473.64
173,03-DEC-2021,17424.9,17489.8,17180.8,17196.7,292526485.0,23100.57
174,06-DEC-2021,17209.05,17216.75,16891.7,16912.25,231716681.0,17912.15
175,07-DEC-2021,17044.1,17251.65,16987.75,17176.7,254144221.0,21693.69
176,08-DEC-2021,17315.25,17484.6,17308.95,17469.75,257791948.0,21665.95
177,09-DEC-2021,17524.4,17543.25,17379.6,17516.85,237170272.0,18984.75
178,10-DEC-2021,17476.05,17534.35,17405.25,17511.3,204467484.0,16399.53
179,13-DEC-2021,17619.1,17639.5,17355.95,17368.25,256560534.0,20592.03
180,14-DEC-2021,17283.2,17376.2,17225.8,17324.9,270965586.0,20459.79
181,15-DEC-2021,17323.65,17351.2,17192.2,17221.4,214972109.0,17046.42
182,16-DEC-2021,17373.0,17379.35,17184.95,17248.4,219496063.0,18493.54
183,17-DEC-2021,17276.0,17298.15,16966.45,16985.2,354591366.0,31326.91
184,20-DEC-2021,16824.25,16840.1,16410.2,16614.2,330614079.0,25123.59
185,21-DEC-2021,16773.15,16936.4,16688.25,16770.85,241030834.0,19783.04
186,22-DEC-2021,16865.55,16971.0,16819.5,16955.45,207946105.0,17443.94
187,23-DEC-2021,17066.8,17118.65,17015.55,17072.6,196965302.0,15755.89
188,24-DEC-2021,17149.5,17155.6,16909.6,17003.75,182564833.0,15435.01
189,27-DEC-2021,16937.75,17112.05,16833.2,17086.25,144777457.0,12567.03
190,28-DEC-2021,17177.6,17250.25,17161.15,17233.25,176026100.0,14553.76
191,29-DEC-2021,17220.1,17285.95,17176.65,17213.6,161679423.0,14320.79
192,30-DEC-2021,17201.45,17264.05,17146.35,17203.95,320831676.0,21929.19
193,31-DEC-2021,17244.5,17400.8,17238.5,17354.05,167025720.0,14588.54
194,03-JAN-2022,17387.15,17646.65,17383.3,17625.7,200456430.0,16181.36
195,04-JAN-2022,17681.4,17827.6,17593.55,17805.25,247437472.0,18604.16
196,05-JAN-2022,17820.1,17944.7,17748.85,17925.25,251460038.0,23737.31
197,06-JAN-2022,17768.5,17797.95,17655.55,17745.9,236454824.0,22643.82
198,07-JAN-2022,17797.6,17905.0,17704.55,17812.7,239338015.0,21447.89
199,10-JAN-2022,17913.3,18017.45,17879.15,18003.3,232418075.0,20853.64
200,11-JAN-2022,17997.75,18081.25,17964.4,18055.75,220238796.0,20781.46
201,12-JAN-2022,18170.4,18227.95,18128.8,18212.35,244974287.0,22298.69
202,13-JAN-2022,18257.0,18272.25,18163.8,18257.8,303700545.0,28670.93
203,14-JAN-2022,18185.0,18286.95,18119.65,18255.75,229451608.0,21024.51
204,17-JAN-2022,18235.65,18321.55,18228.75,18308.1,266702919.0,23859.38
205,18-JAN-2022,18337.2,18350.95,18085.9,18113.05,227507319.0,20852.67
206,19-JAN-2022,18129.2,18129.2,17884.9,17938.4,276662654.0,25310.19
207,20-JAN-2022,17921.0,17943.7,17648.45,17757.0,258094246.0,25863.29
208,21-JAN-2022,17613.7,17707.6,17485.85,17617.15,277645373.0,25941.64
209,24-JAN-2022,17575.15,17599.4,16997.85,17149.1,323847388.0,28387.73
210,25-JAN-2022,17001.55,17309.15,16836.8,17277.95,326515896.0,31344.46
211,27-JAN-2022,17062.0,17182.5,16866.75,17110.15,395596577.0,36296.64
212,28-JAN-2022,17208.3,17373.5,17077.1,17101.95,355284285.0,29799.89
213,31-JAN-2022,17301.05,17410.0,17264.15,17339.85,321660346.0,25474.13
214,01-FEB-2022,17529.45,17622.4,17244.55,17576.85,386391485.0,30033.66
215,02-FEB-2022,17706.2,17794.6,17674.8,17780.0,271205907.0,23611.59
216,03-FEB-2022,17767.75,17781.15,17511.15,17560.2,226614989.0,20373.06
217,04-FEB-2022,17590.2,17617.8,17462.55,17516.3,261434170.0,20651.85
218,07-FEB-2022,17456.3,17536.75,17119.4,17213.6,265037933.0,21925.11
219,08-FEB-2022,17279.85,17306.45,17043.65,17266.75,268526210.0,23846.16
220,09-FEB-2022,17370.1,17477.15,17339.0,17463.8,236350514.0,19327.67
221,10-FEB-2022,17554.1,17639.45,17427.15,17605.85,273606440.0,22210.93
222,11-FEB-2022,17451.0,17454.75,17303.0,17374.75,253141660.0,23230.82
223,14-FEB-2022,17076.15,17099.5,16809.65,16842.8,305510740.0,24976.16
224,15-FEB-2022,16933.25,17375.0,16839.25,17352.45,298658142.0,24765.67
225,16-FEB-2022,17408.45,17490.6,17257.7,17322.2,244549223.0,21128.38
226,17-FEB-2022,17396.55,17442.9,17235.85,17304.6,232136131.0,19381.26
227,18-FEB-2022,17236.05,17380.8,17219.2,17276.3,189620888.0,16126.96
228,21-FEB-2022,17192.25,17351.05,17070.7,17206.65,215183301.0,18725.57
229,22-FEB-2022,16847.95,17148.55,16843.8,17092.2,300131995.0,24040.84
230,23-FEB-2022,17194.5,17220.7,17027.85,17063.25,200229631.0,17662.47
231,24-FEB-2022,16548.9,16705.25,16203.25,16247.95,457967874.0,36650.83
232,25-FEB-2022,16515.65,16748.8,16478.3,16658.4,329780732.0,25743.77
233,28-FEB-2022,16481.6,16815.9,16356.3,16793.9,404214666.0,33831.57
234,02-MAR-2022,16593.1,16678.5,16478.65,16605.95,517723542.0,39407.44
235,03-MAR-2022,16723.2,16768.95,16442.95,16498.05,442068263.0,31413.0
236,04-MAR-2022,16339.45,16456.0,16133.8,16245.35,456143040.0,34821.1
237,07-MAR-2022,15867.95,15944.6,15711.45,15863.15,585403660.0,38038.75
238,08-MAR-2022,15747.75,16028.75,15671.45,16013.45,543600673.0,38704.4
239,09-MAR-2022,16078.0,16418.05,15990.0,16345.35,462231428.0,35329.34
240,10-MAR-2022,16757.1,16757.3,16447.9,16594.9,486445481.0,35513.73
241,11-MAR-2022,16528.8,16694.4,16470.9,16630.45,343717045.0,24720.34
242,14-MAR-2022,16633.7,16887.95,16606.5,16871.3,314669685.0,23824.02
243,15-MAR-2022,16900.65,16927.75,16555.0,16663.0,381631902.0,29731.09
244,16-MAR-2022,16876.65,16987.9,16837.85,16975.35,259973396.0,21361.32
245,17-MAR-2022,17202.9,17344.6,17175.75,17287.05,448335248.0,35367.28
246,21-MAR-2022,17329.5,17353.35,17096.4,17117.6,285451208.0,22886.39
247,22-MAR-2022,17120.4,17334.4,17006.3,17315.5,338263468.0,27347.6
0,22-MAR-2022,17120.4,17334.4,17006.3,17315.5,338263468.0,27347.6
1,23-MAR-2022,17405.05,17442.4,17199.6,17245.65,292120348.0,24705.28
2,24-MAR-2022,17094.95,17291.75,17091.15,17222.75,290280124.0,25011.72
3,25-MAR-2022,17289.0,17294.9,17076.55,17153.0,237115741.0,20031.39
4,28-MAR-2022,17181.85,17235.1,17003.9,17222.0,253240837.0,19976.26
5,29-MAR-2022,17297.2,17343.65,17235.7,17325.3,235149625.0,20305.78
6,30-MAR-2022,17468.15,17522.5,17387.2,17498.25,505031841.0,28907.47
7,31-MAR-2022,17519.2,17559.8,17435.2,17464.75,281111679.0,24032.07
8,01-APR-2022,17436.9,17703.7,17422.7,17670.45,291773447.0,21132.13
9,04-APR-2022,17809.1,18114.65,17791.4,18053.4,345526502.0,38623.94
10,05-APR-2022,18080.6,18095.45,17921.55,17957.4,283453612.0,25096.7
11,06-APR-2022,17842.75,17901.0,17779.85,17807.65,328824420.0,24252.48
12,07-APR-2022,17723.3,17787.5,17623.7,17639.55,308840215.0,26236.91
13,08-APR-2022,17698.15,17842.75,17600.55,17784.35,274447433.0,25608.1
14,11-APR-2022,17740.9,17779.05,17650.95,17674.95,251701846.0,21001.58
15,12-APR-2022,17584.85,17595.3,17442.35,17530.3,266029060.0,23958.77
16,13-APR-2022,17599.9,17663.65,17457.4,17475.65,245061941.0,20229.83
17,18-APR-2022,17183.45,17237.75,17067.85,17173.65,376130248.0,30154.62
18,19-APR-2022,17258.95,17275.65,16824.7,16958.65,401399563.0,35467.13
19,20-APR-2022,17045.25,17186.9,16978.95,17136.55,286069736.0,25972.15
20,21-APR-2022,17234.6,17414.7,17215.5,17392.6,285200022.0,24999.9
21,22-APR-2022,17242.75,17315.3,17149.2,17171.95,262739740.0,23371.7
22,25-APR-2022,17009.05,17054.3,16888.7,16953.95,275685925.0,22699.65
23,26-APR-2022,17121.3,17223.85,17064.45,17200.8,261065753.0,22079.92
24,27-APR-2022,17073.35,17110.7,16958.45,17038.4,265140480.0,25373.8
25,28-APR-2022,17189.5,17322.5,17071.05,17245.05,312914417.0,28488.87
26,29-APR-2022,17329.25,17377.65,17053.25,17102.55,336243642.0,29582.86
27,02-MAY-2022,16924.45,17092.25,16917.25,17069.1,278155513.0,21222.64
28,04-MAY-2022,17096.6,17132.85,16623.95,16677.6,310632799.0,27405.52
29,05-MAY-2022,16854.75,16945.7,16651.85,16682.65,265793403.0,21792.91
30,06-MAY-2022,16415.55,16484.2,16340.9,16411.25,300527719.0,25472.95
31,09-MAY-2022,16227.7,16403.7,16142.1,16301.85,288402950.0,23274.74
32,10-MAY-2022,16248.9,16404.55,16197.3,16240.05,283061200.0,22685.27
33,11-MAY-2022,16270.05,16318.75,15992.6,16167.1,284294438.0,22994.38
34,12-MAY-2022,16021.1,16041.95,15735.75,15808.0,314921678.0,25352.34
35,13-MAY-2022,15977.0,16083.6,15740.85,15782.15,369135540.0,27454.12
36,16-MAY-2022,15845.1,15977.95,15739.65,15842.3,217646558.0,17852.19
37,17-MAY-2022,15912.6,16284.25,15900.8,16259.3,295687774.0,22782.99
38,18-MAY-2022,16318.15,16399.8,16211.2,16240.3,290441105.0,23889.84
39,19-MAY-2022,15917.4,15984.75,15775.2,15809.4,313876082.0,24340.84
40,20-MAY-2022,16043.8,16283.05,16003.85,16266.15,252402013.0,22806.69
41,23-MAY-2022,16290.95,16414.7,16185.75,16214.7,293829853.0,25110.85
42,24-MAY-2022,16225.55,16262.8,16078.6,16125.15,249778296.0,21895.75
43,25-MAY-2022,16196.35,16223.35,16006.95,16025.8,243342347.0,21400.14
44,26-MAY-2022,16105.0,16204.45,15903.7,16170.15,314305739.0,27721.21
45,27-MAY-2022,16296.6,16370.6,16221.95,16352.45,274064956.0,21341.98
46,30-MAY-2022,16527.9,16695.5,16506.15,16661.4,251400757.0,21216.5
47,31-MAY-2022,16578.45,16690.75,16521.9,16584.55,651613610.0,52929.35
48,01-JUN-2022,16594.4,16649.2,16438.85,16522.75,249619038.0,19350.33
49,02-JUN-2022,16481.65,16646.4,16443.05,16628.0,235958283.0,20055.84
50,03-JUN-2022,16761.65,16793.85,16567.9,16584.3,245514871.0,22249.29
51,06-JUN-2022,16530.7,16610.95,16444.55,16569.55,233589132.0,17999.41
52,07-JUN-2022,16469.6,16487.25,16347.1,16416.35,233814633.0,17921.95
53,08-JUN-2022,16474.95,16514.3,16293.35,16356.25,243481044.0,18336.15
54,09-JUN-2022,16263.85,16492.8,16243.85,16478.1,204954394.0,16721.68
55,10-JUN-2022,16283.95,16324.7,16172.6,16201.8,189680523.0,18388.03
56,13-JUN-2022,15877.55,15886.15,15684.0,15774.4,225534385.0,20002.64
57,14-JUN-2022,15674.25,15858.0,15659.45,15732.1,225425862.0,19825.41
58,15-JUN-2022,15729.25,15783.65,15678.9,15692.15,183011236.0,16063.24
59,16-JUN-2022,15832.25,15863.15,15335.1,15360.6,264735957.0,21383.06
60,17-JUN-2022,15272.65,15400.4,15183.4,15293.5,342629997.0,29074.0
61,20-JUN-2022,15334.5,15382.5,15191.1,15350.15,260022438.0,18531.78
62,21-JUN-2022,15455.95,15707.25,15419.85,15638.8,262794687.0,18934.27
63,22-JUN-2022,15545.65,15565.4,15385.95,15413.3,220889589.0,16817.07
64,23-JUN-2022,15451.55,15628.45,15367.5,15556.65,259171810.0,21722.06
65,24-JUN-2022,15657.4,15749.25,15619.45,15699.25,219599372.0,18259.72
66,27-JUN-2022,15926.2,15927.45,15815.5,15832.05,210932505.0,17770.42
67,28-JUN-2022,15757.45,15892.1,15710.15,15850.2,251865155.0,18419.75
68,29-JUN-2022,15701.7,15861.6,15687.8,15799.1,444949551.0,22528.57
69,30-JUN-2022,15774.5,15890.0,15728.85,15780.25,306027777.0,23970.65
70,01-JUL-2022,15703.7,15793.95,15511.05,15752.05,364090131.0,25891.94
71,04-JUL-2022,15710.5,15852.35,15661.8,15835.35,304328467.0,19875.22
72,05-JUL-2022,15909.15,16025.75,15785.45,15810.85,254164463.0,19129.6
73,06-JUL-2022,15818.2,16011.35,15800.9,15989.8,288375300.0,22836.77
74,07-JUL-2022,16113.75,16150.5,16045.95,16132.9,264615218.0,21465.33
75,08-JUL-2022,16273.65,16275.5,16157.9,16220.6,281102369.0,20990.69
76,11-JUL-2022,16136.15,16248.55,16115.5,16216.0,255915072.0,20240.69
77,12-JUL-2022,16126.2,16158.75,16031.15,16058.3,208648707.0,16042.52
78,13-JUL-2022,16128.2,16140.0,15950.15,15966.65,233264100.0,19649.66
79,14-JUL-2022,16018.85,16070.85,15858.2,15938.65,228603433.0,18858.83
80,15-JUL-2022,16010.8,16066.95,15927.3,16049.2,205768079.0,17031.43
81,18-JUL-2022,16151.4,16287.95,16142.2,16278.5,227744850.0,19420.93
82,19-JUL-2022,16187.05,16359.5,16187.05,16340.55,222630928.0,18068.59
83,20-JUL-2022,16562.8,16588.0,16490.95,16520.85,284359582.0,22061.81
84,21-JUL-2022,16523.55,16626.95,16483.9,16605.25,243625339.0,20603.17
85,22-JUL-2022,16661.25,16752.25,16610.9,16719.45,190906776.0,18600.11
86,25-JUL-2022,16662.55,16706.05,16564.25,16631.0,211392171.0,19384.43
87,26-JUL-2022,16632.9,16636.1,16463.3,16483.85,208208122.0,20087.54
88,27-JUL-2022,16475.35,16653.45,16438.75,16641.8,185210970.0,17608.03
89,28-JUL-2022,16774.85,16947.65,16746.25,16929.6,376256315.0,26674.28
90,29-JUL-2022,17079.5,17172.8,17018.15,17158.25,436059722.0,28241.29
91,01-AUG-2022,17243.2,17356.25,17154.8,17340.05,381532671.0,23221.04
92,02-AUG-2022,17310.15,17390.15,17215.85,17345.45,333639093.0,22576.94
93,03-AUG-2022,17349.25,17407.5,17225.85,17388.15,285414666.0,20842.13
94,04-AUG-2022,17463.1,17490.7,17161.25,17382.0,324981426.0,21848.21
95,05-AUG-2022,17423.65,17474.4,17348.75,17397.5,355310802.0,20013.14
96,08-AUG-2022,17401.5,17548.8,17359.75,17525.1,256994113.0,18475.21
97,10-AUG-2022,17566.1,17566.1,17442.8,17534.75,312716544.0,21952.35
98,11-AUG-2022,17711.65,17719.3,17631.95,17659.0,311247237.0,20476.53
99,12-AUG-2022,17659.65,17724.65,17597.85,17698.15,303872483.0,18422.47
100,16-AUG-2022,17797.2,17839.1,17764.05,17825.25,278042725.0,18495.27
101,17-AUG-2022,17868.15,17965.95,17833.35,17944.25,262768582.0,21209.54
102,18-AUG-2022,17898.65,17968.45,17852.05,17956.5,263914197.0,18441.68
103,19-AUG-2022,17966.55,17992.2,17710.75,17758.45,295627263.0,21531.99
104,22-AUG-2022,17682.9,17690.05,17467.35,17490.7,287559133.0,19605.44
105,23-AUG-2022,17357.35,17625.55,17345.2,17577.5,285616338.0,20365.8
106,24-AUG-2022,17525.45,17623.65,17499.25,17604.95,261953239.0,17819.88
107,25-AUG-2022,17679.0,17726.5,17487.45,17522.45,230181848.0,17566.7
108,26-AUG-2022,17619.3,17685.85,17519.35,17558.9,266636238.0,17500.8
109,29-AUG-2022,17188.65,17380.15,17166.2,17312.9,244854637.0,19351.5
110,30-AUG-2022,17414.95,17777.65,17401.5,17759.3,324687477.0,26284.26
111,01-SEP-2022,17485.7,17695.6,17468.45,17542.8,308526598.0,26813.95
112,02-SEP-2022,17598.4,17643.85,17476.45,17539.45,256268616.0,19548.88
113,05-SEP-2022,17546.45,17683.15,17540.35,17665.8,230309013.0,17011.26
114,06-SEP-2022,17695.7,17764.65,17587.65,17655.6,251204527.0,17521.09
115,07-SEP-2022,17519.4,17650.75,17484.3,17624.4,354137885.0,25419.5
116,08-SEP-2022,17748.15,17807.65,17691.95,17798.75,279845682.0,19925.25
117,09-SEP-2022,17923.35,17925.95,17786.0,17833.35,270299618.0,20564.06
118,12-SEP-2022,17890.85,17980.55,17889.15,17936.35,228242025.0,17648.17
119,13-SEP-2022,18044.45,18088.3,18015.45,18070.05,259922741.0,21039.08
120,14-SEP-2022,17771.15,18091.55,17771.15,18003.75,365866933.0,26611.96
121,15-SEP-2022,18046.35,18096.15,17861.5,17877.4,289637528.0,22007.78
122,16-SEP-2022,17796.8,17820.05,17497.25,17530.85,468464263.0,36013.89
123,19-SEP-2022,17540.65,17667.2,17429.7,17622.25,258329581.0,19548.99
124,20-SEP-2022,17770.4,17919.3,17744.4,17816.25,263100874.0,20456.69
125,21-SEP-2022,17766.35,17838.7,17663.6,17718.35,245532498.0,19816.78
126,22-SEP-2022,17609.65,17722.75,17532.45,17629.8,284094023.0,21303.96
127,23-SEP-2022,17593.85,17642.15,17291.65,17327.35,390754862.0,23750.53
128,26-SEP-2022,17156.3,17196.4,16978.3,17016.3,492002942.0,27533.01
129,27-SEP-2022,17110.9,17176.45,16942.35,17007.4,359895458.0,22712.8
130,28-SEP-2022,16870.55,17037.6,16820.4,16858.6,323922457.0,21400.93
131,29-SEP-2022,16993.6,17026.05,16788.6,16818.1,340034380.0,24758.63
132,30-SEP-2022,16798.05,17187.1,16747.7,17094.35,380204763.0,26205.63
133,03-OCT-2022,17102.1,17114.65,16855.55,16887.35,285850587.0,21860.54
134,04-OCT-2022,17147.45,17287.3,17117.3,17274.3,231601639.0,18480.43
135,06-OCT-2022,17379.25,17428.8,17315.65,17331.8,268239320.0,20404.46
136,07-OCT-2022,17287.2,17337.35,17216.95,17314.65,216273136.0,17043.26
137,10-OCT-2022,17094.35,17280.15,17064.7,17241.0,234005512.0,16220.67
138,11-OCT-2022,17256.05,17261.8,16950.3,16983.55,282617982.0,22178.37
139,12-OCT-2022,17025.55,17142.35,16960.05,17123.6,256037322.0,18098.41
140,13-OCT-2022,17087.35,17112.35,16956.95,17014.35,266438674.0,18189.64
141,14-OCT-2022,17322.3,17348.55,17169.75,17185.7,226997138.0,17813.47
142,17-OCT-2022,17144.8,17328.55,17098.55,17311.8,212223419.0,16887.83
143,18-OCT-2022,17438.75,17527.8,17434.05,17486.95,239493630.0,18224.95
144,19-OCT-2022,17568.15,17607.6,17472.85,17512.25,210480869.0,17200.79
145,20-OCT-2022,17423.1,17584.15,17421.0,17563.95,249604832.0,18345.6
146,21-OCT-2022,17622.85,17670.15,17520.75,17576.3,277702680.0,23547.38
147,24-OCT-2022,17736.35,17777.55,17707.4,17730.75,45029477.0,3772.49
148,25-OCT-2022,17808.3,17811.5,17637.0,17656.35,251358203.0,20338.32
149,27-OCT-2022,17771.4,17783.9,17654.5,17736.95,324649088.0,24166.3
150,28-OCT-2022,17756.4,17838.9,17723.7,17786.8,250030113.0,19099.59
151,31-OCT-2022,17910.2,18022.8,17899.9,18012.2,227174539.0,19846.47
152,01-NOV-2022,18130.7,18175.8,18060.15,18145.4,349924808.0,26796.59
153,02-NOV-2022,18177.9,18178.75,18048.65,18082.85,270878019.0,20072.62
154,03-NOV-2022,17968.35,18106.3,17959.2,18052.7,212968291.0,16037.78
155,04-NOV-2022,18053.4,18135.1,18017.15,18117.15,267941526.0,21062.54
156,07-NOV-2022,18211.75,18255.5,18064.75,18202.8,314758398.0,25124.84
157,09-NOV-2022,18288.25,18296.4,18117.5,18157.0,307155149.0,23344.58
158,10-NOV-2022,18044.35,18103.1,17969.4,18028.2,256451785.0,19848.06
159,11-NOV-2022,18272.35,18362.3,18259.35,18349.7,378469072.0,30732.11
160,14-NOV-2022,18376.4,18399.45,18311.4,18329.15,301401961.0,21697.66
161,15-NOV-2022,18362.75,18427.95,18282.0,18403.4,250926391.0,17836.19
162,16-NOV-2022,18398.25,18442.15,18344.15,18409.65,219268992.0,19732.87
163,17-NOV-2022,18358.7,18417.6,18312.95,18343.9,200512910.0,16410.36
164,18-NOV-2022,18382.95,18394.6,18209.8,18307.65,198794846.0,16553.69
165,21-NOV-2022,18246.4,18262.3,18133.35,18159.95,213794598.0,15037.5
166,22-NOV-2022,18179.15,18261.85,18137.7,18244.2,177681099.0,14750.98
167,23-NOV-2022,18325.2,18325.4,18246.0,18267.25,178791087.0,15674.45
168,24-NOV-2022,18326.1,18529.7,18294.25,18484.1,204044559.0,18218.35
169,25-NOV-2022,18528.45,18534.9,18445.1,18512.75,205876043.0,17112.8
170,28-NOV-2022,18430.55,18614.25,18365.6,18562.75,206468884.0,19006.92
171,29-NOV-2022,18552.45,18678.1,18552.15,18618.05,195255179.0,16568.17
172,30-NOV-2022,18625.7,18816.05,18616.55,18758.35,345636288.0,32757.21
173,01-DEC-2022,18871.95,18887.6,18778.2,18812.5,324955829.0,22216.65
174,02-DEC-2022,18752.4,18781.95,18639.2,18696.1,254401004.0,20233.76
175,05-DEC-2022,18719.55,18728.6,18591.35,18701.05,288393766.0,19471.83
176,06-DEC-2022,18600.65,18654.9,18577.9,18642.75,217777090.0,17772.27
177,07-DEC-2022,18638.85,18668.3,18528.4,18560.5,200501720.0,17496.8
178,08-DEC-2022,18570.85,18625.0,18536.95,18609.35,202811256.0,19277.65
179,09-DEC-2022,18662.4,18664.7,18410.1,18496.6,215839572.0,20317.78
180,12-DEC-2022,18402.15,18521.55,18345.7,18497.15,193883468.0,16688.2
181,13-DEC-2022,18524.4,18617.25,18490.2,18608.0,187585567.0,16536.17
182,14-DEC-2022,18671.25,18696.1,18632.9,18660.3,208030337.0,16626.0
183,15-DEC-2022,18614.4,18652.9,18387.7,18414.9,183127544.0,15618.55
184,16-DEC-2022,18319.1,18440.95,18255.15,18269.0,277650193.0,23292.95
185,19-DEC-2022,18288.1,18431.65,18244.55,18420.45,154847475.0,14455.23
186,20-DEC-2022,18340.3,18404.9,18202.65,18385.3,169041783.0,15038.56
187,21-DEC-2022,18435.15,18473.35,18162.75,18199.1,187594274.0,17223.44
188,22-DEC-2022,18288.8,18318.75,18068.6,18127.35,195699650.0,16725.23
189,23-DEC-2022,17977.65,18050.45,17779.5,17806.8,221454773.0,18486.94
190,26-DEC-2022,17830.4,18084.1,17774.25,18014.6,176652342.0,13708.21
191,27-DEC-2022,18089.8,18149.25,17967.45,18132.3,214257094.0,13000.64
192,28-DEC-2022,18084.75,18173.1,18068.35,18122.5,193873167.0,13997.59
193,29-DEC-2022,18045.7,18229.7,17992.8,18191.0,281052828.0,18466.05
194,30-DEC-2022,18259.1,18265.25,18080.3,18105.3,192005563.0,14475.22
195,02-JAN-2023,18131.7,18215.15,18086.5,18197.45,256073979.0,11793.06
196,03-JAN-2023,18163.2,18251.95,18149.8,18232.55,208699772.0,13680.91
197,04-JAN-2023,18230.65,18243.0,18020.6,18042.95,235162202.0,16687.71
198,05-JAN-2023,18101.95,18120.3,17892.6,17992.15,269949738.0,22108.53
199,06-JAN-2023,18008.05,18047.4,17795.55,17859.45,238220578.0,17495.25
200,09-JAN-2023,17952.55,18141.4,17936.15,18101.2,257237669.0,19916.16
201,10-JAN-2023,18121.3,18127.6,17856.0,17914.15,283277918.0,20570.3
202,11-JAN-2023,17924.25,17976.35,17824.35,17895.7,259853294.0,20204.33
203,12-JAN-2023,17920.85,17945.8,17761.65,17858.2,227769060.0,19762.43
204,13-JAN-2023,17867.5,17999.35,17774.25,17956.6,256700729.0,21341.7
205,16-JAN-2023,18033.15,18049.65,17853.65,17894.85,206195816.0,16728.37
206,17-JAN-2023,17922.8,18072.05,17886.95,18053.3,219055125.0,17461.09
207,18-JAN-2023,18074.3,18183.75,18032.45,18165.35,255840928.0,20500.07
208,19-JAN-2023,18119.8,18155.2,18063.75,18107.85,237833991.0,18413.13
209,20-JAN-2023,18115.6,18145.45,18016.2,18027.65,237225269.0,19519.96
210,23-JAN-2023,18118.45,18162.6,18063.45,18118.55,202460434.0,17060.12
211,24-JAN-2023,18183.95,18201.25,18078.65,18118.3,216910302.0,19705.91
212,25-JAN-2023,18093.35,18100.6,17846.15,17891.95,257227052.0,20890.56
213,27-JAN-2023,17877.2,17884.75,17493.55,17604.35,476342611.0,40104.83
214,30-JAN-2023,17541.95,17709.15,17405.55,17648.95,432434028.0,38159.88
215,31-JAN-2023,17731.45,17735.7,17537.55,17662.15,398338541.0,35023.7
216,01-FEB-2023,17811.6,17972.2,17353.4,17616.3,512870802.0,38486.19
217,02-FEB-2023,17517.1,17653.9,17445.95,17610.4,490113567.0,37639.96
218,03-FEB-2023,17721.75,17870.3,17584.2,17854.05,424123037.0,34503.67
219,06-FEB-2023,17818.55,17823.7,17698.35,17764.6,282544790.0,21864.88
220,07-FEB-2023,17790.1,17811.15,17652.55,17721.5,354395693.0,23611.08
221,08-FEB-2023,17750.3,17898.7,17744.15,17871.7,290994265.0,23733.4
222,09-FEB-2023,17885.5,17916.9,17779.8,17893.45,260854055.0,21529.97
223,10-FEB-2023,17847.55,17876.95,17801.0,17856.5,231991834.0,17063.99
224,13-FEB-2023,17859.1,17880.7,17719.75,17770.9,231276483.0,17406.31
225,14-FEB-2023,17840.35,17954.55,17800.05,17929.85,244512944.0,20579.8
226,15-FEB-2023,17896.6,18034.1,17853.8,18015.85,229273800.0,21457.34
227,16-FEB-2023,18094.75,18134.75,18000.65,18035.85,230246175.0,18891.55
228,17-FEB-2023,17974.85,18034.25,17884.6,17944.2,208053929.0,16998.33
229,20-FEB-2023,17965.55,18004.35,17818.4,17844.6,174563233.0,14729.07
230,21-FEB-2023,17905.8,17924.9,17800.3,17826.7,198248205.0,15593.09
231,22-FEB-2023,17755.35,17772.5,17529.45,17554.3,204021979.0,17162.09
232,23-FEB-2023,17574.65,17620.05,17455.4,17511.25,240807918.0,19313.68
233,24-FEB-2023,17591.35,17599.75,17421.8,17465.8,209406363.0,16100.18
234,27-FEB-2023,17428.6,17451.6,17299.0,17392.7,246448847.0,16638.41
235,28-FEB-2023,17383.25,17440.45,17255.2,17303.95,420881259.0,32959.77
236,01-MAR-2023,17360.1,17467.75,17345.25,17450.9,272881409.0,19784.53
237,02-MAR-2023,17421.5,17445.8,17306.0,17321.9,310669094.0,22068.68
238,03-MAR-2023,17451.25,17644.75,17427.7,17594.35,356169518.0,24143.96
239,06-MAR-2023,17680.35,17799.95,17671.95,17711.45,362801096.0,26959.41
240,08-MAR-2023,17665.75,17766.5,17602.25,17754.4,267041402.0,23155.56
241,09-MAR-2023,17772.05,17772.35,17573.6,17589.6,262352056.0,21964.17
242,10-MAR-2023,17443.8,17451.5,17324.35,17412.9,235927570.0,19794.73
243,13-MAR-2023,17421.9,17529.9,17113.45,17154.3,254914657.0,22860.67
244,14-MAR-2023,17160.55,17224.65,16987.1,17043.3,290604200.0,26057.6
245,15-MAR-2023,17166.45,17211.35,16938.9,16972.15,248188970.0,22659.09
246,16-MAR-2023,16994.65,17062.45,16850.15,16985.6,349820607.0,24198.71
247,17-MAR-2023,17111.8,17145.8,16958.15,17100.05,408121255.0,30478.42
248,20-MAR-2023,17066.6,17066.6,16828.35,16988.4,241777405.0,21454.09
249,21-MAR-2023,17060.4,17127.7,17016.0,17107.5,246737873.0,22039.11
250,22-MAR-2023,17177.45,17207.25,17107.85,17151.9,185700457.0,15712.0
0,22-MAR-2023,17177.45,17207.25,17107.85,17151.9,185700457.0,15712.0
1,23-MAR-2023,17097.4,17205.4,17045.3,17076.9,219171517.0,19676.97
2,24-MAR-2023,17076.2,17109.45,16917.35,16945.05,228038299.0,19019.88
3,27-MAR-2023,16984.3,17091.0,16918.55,16985.7,218418670.0,18466.56
4,28-MAR-2023,17031.75,17061.75,16913.75,16951.7,238840919.0,20942.5
5,29-MAR-2023,16977.3,17126.15,16940.6,17080.7,345911087.0,27261.74
6,31-MAR-2023,17210.35,17381.6,17204.65,17359.75,263889033.0,24970.98
7,03-APR-2023,17427.95,17428.05,17312.75,17398.05,230170687.0,20359.58
8,05-APR-2023,17422.3,17570.55,17402.7,17557.05,248345193.0,23911.75
9,06-APR-2023,17533.85,17638.7,17502.85,17599.15,242708337.0,23543.21
10,10-APR-2023,17634.9,17694.1,17597.95,17624.05,254819382.0,21092.06
11,11-APR-2023,17704.8,17748.75,17655.15,17722.3,304263454.0,25841.64
12,12-APR-2023,17759.55,17825.75,17717.25,17812.4,232816318.0,22851.93
13,13-APR-2023,17807.3,17842.15,17729.65,17828.0,285764798.0,26460.2
14,17-APR-2023,17863.0,17863.0,17574.05,17706.85,357401212.0,35118.57
15,18-APR-2023,17766.6,17766.6,17610.2,17660.15,258856690.0,23032.99
16,19-APR-2023,17653.35,17666.15,17579.85,17618.75,281463379.0,21562.08
17,20-APR-2023,17638.6,17684.45,17584.35,17624.45,215103396.0,19457.45
18,21-APR-2023,17639.75,17663.2,17553.95,17624.05,230156645.0,19091.44
19,24-APR-2023,17707.55,17754.5,17612.5,17743.4,255740393.0,23142.94
20,25-APR-2023,17761.55,17807.45,17716.85,17769.25,297445999.0,28819.53
21,26-APR-2023,17767.3,17827.75,17711.2,17813.6,233008677.0,21295.14
22,27-APR-2023,17813.1,17931.6,17797.9,17915.05,241434660.0,24454.15
23,28-APR-2023,17950.4,18089.15,17885.3,18065.0,290263674.0,27026.12
24,02-MAY-2023,18124.8,18180.25,18101.75,18147.65,265216308.0,23615.47
25,03-MAY-2023,18113.8,18116.35,18042.4,18089.85,226171254.0,19079.79
26,04-MAY-2023,18081.0,18267.45,18066.7,18255.8,226643581.0,21889.48
27,05-MAY-2023,18117.3,18216.95,18055.45,18069.0,239702311.0,26152.88
28,08-MAY-2023,18120.6,18286.95,18100.3,18264.4,228399379.0,22687.94
29,09-MAY-2023,18303.4,18344.2,18229.65,18265.95,245368649.0,23478.06
30,10-MAY-2023,18313.6,18326.75,18211.95,18315.1,220450874.0,21416.41
31,11-MAY-2023,18357.8,18389.7,18270.4,18297.0,248932544.0,26440.1
32,12-MAY-2023,18273.75,18342.75,18194.55,18314.8,241702589.0,22046.04
33,15-MAY-2023,18339.3,18458.9,18287.9,18398.85,216088535.0,19329.75
34,16-MAY-2023,18432.35,18432.35,18264.35,18286.5,219490491.0,21063.78
35,17-MAY-2023,18300.45,18309.0,18115.35,18181.75,229898510.0,20903.12
36,18-MAY-2023,18287.5,18297.2,18104.85,18129.95,272103515.0,24172.44
37,19-MAY-2023,18186.15,18218.1,18060.4,18203.4,260898407.0,22105.67
38,22-MAY-2023,18201.1,18335.25,18178.85,18314.4,262560942.0,25147.58
39,23-MAY-2023,18362.9,18419.75,18324.2,18348.0,270354216.0,28648.15
40,24-MAY-2023,18294.8,18392.6,18262.95,18285.4,232621507.0,24273.17
41,25-MAY-2023,18268.9,18338.1,18202.4,18321.15,235915651.0,22411.41
42,26-MAY-2023,18368.35,18508.55,18333.15,18499.35,198668359.0,19094.08
43,29-MAY-2023,18619.15,18641.2,18581.25,18598.65,265323978.0,19237.57
44,30-MAY-2023,18606.65,18662.45,18575.5,18633.85,234391323.0,21660.69
45,31-MAY-2023,18594.2,18603.9,18483.85,18534.4,696495765.0,70755.08
46,01-JUN-2023,18579.4,18580.3,18464.55,18487.75,265630759.0,24056.99
47,02-JUN-2023,18550.85,18573.7,18478.4,18534.1,270923679.0,23171.88
48,05-JUN-2023,18612.0,18640.15,18582.8,18593.85,256111496.0,20369.16
49,06-JUN-2023,18600.8,18622.75,18531.6,18599.0,220789926.0,21957.47
50,07-JUN-2023,18665.6,18738.95,18636.0,18726.4,260109671.0,21482.77
51,08-JUN-2023,18725.35,18777.9,18615.6,18634.55,286468927.0,22762.3
52,09-JUN-2023,18655.9,18676.65,18555.4,18563.4,221760885.0,20181.42
53,12-JUN-2023,18595.05,18633.6,18559.75,18601.5,179463966.0,15386.04
54,13-JUN-2023,18631.8,18728.9,18631.8,18716.15,233167883.0,22612.62
55,14-JUN-2023,18744.6,18769.7,18690.0,18755.9,261354575.0,19520.08
56,15-JUN-2023,18774.45,18794.1,18669.05,18688.1,263004991.0,24820.77
57,16-JUN-2023,18723.3,18864.7,18710.5,18826.0,272771256.0,28877.67
58,19-JUN-2023,18873.3,18881.45,18719.15,18755.45,219815214.0,22699.84
59,20-JUN-2023,18752.35,18839.7,18660.65,18816.7,211649257.0,19687.08
60,21-JUN-2023,18849.4,18875.9,18794.85,18856.85,217481345.0,19102.48
61,22-JUN-2023,18853.6,18886.6,18759.5,18771.25,252697871.0,24990.87
62,23-JUN-2023,18741.85,18756.4,18647.1,18665.5,210562119.0,20619.6
63,26-JUN-2023,18682.35,18722.05,18646.7,18691.2,171271325.0,17355.14
64,27-JUN-2023,18748.55,18829.25,18714.25,18817.4,222464605.0,21415.89
65,28-JUN-2023,18908.15,19011.25,18861.35,18972.1,398782019.0,37356.94
66,30-JUN-2023,19076.85,19201.7,19024.6,19189.05,247906587.0,26376.62
67,03-JUL-2023,19246.5,19345.1,19234.4,19322.55,226050219.0,22681.54
68,04-JUL-2023,19406.6,19434.15,19300.0,19389.0,226916635.0,26634.06
69,05-JUL-2023,19405.95,19421.6,19339.6,19398.5,224418797.0,24699.24
70,06-JUL-2023,19385.7,19512.2,19373.0,19497.3,268261285.0,28540.18
71,07-JUL-2023,19422.8,19523.6,19303.6,19331.8,237102566.0,23089.25
72,10-JUL-2023,19400.35,19435.85,19327.1,19355.9,268246132.0,25991.55
73,11-JUL-2023,19427.1,19515.1,19406.45,19439.4,251263638.0,26883.78
74,12-JUL-2023,19497.45,19507.7,19361.75,19384.3,327941559.0,40163.14
75,13-JUL-2023,19495.2,19567.0,19385.8,19413.75,310442517.0,27244.56
76,14-JUL-2023,19493.45,19595.35,19433.5,19564.5,291165841.0,25484.44
77,17-JUL-2023,19612.15,19731.85,19562.95,19711.45,268707894.0,25975.57
78,18-JUL-2023,19787.5,19819.45,19690.2,19749.25,286353897.0,33269.08
79,19-JUL-2023,19802.95,19851.7,19727.45,19833.15,259660464.0,26447.9
80,20-JUL-2023,19831.7,19991.85,19758.4,19979.15,274698867.0,30622.66
81,21-JUL-2023,19800.45,19887.4,19700.0,19745.0,312461795.0,33802.14
82,24-JUL-2023,19748.45,19782.75,19658.3,19672.35,265562151.0,24522.29
83,25-JUL-2023,19729.35,19729.35,19615.95,19680.6,369653496.0,29665.67
84,26-JUL-2023,19733.35,19825.6,19716.7,19778.3,244747425.0,23023.86
85,27-JUL-2023,19850.9,19867.55,19603.55,19659.9,334891351.0,35019.13
86,28-JUL-2023,19659.75,19695.9,19563.1,19646.05,258671382.0,22995.98
87,31-JUL-2023,19666.35,19772.75,19597.6,19753.8,295053318.0,23075.38
88,01-AUG-2023,19784.0,19795.6,19704.6,19733.55,298048161.0,24554.71
89,02-AUG-2023,19655.4,19678.25,19423.55,19526.55,290666798.0,23997.47
90,03-AUG-2023,19463.75,19537.65,19296.45,19381.65,315688612.0,29899.38
91,04-AUG-2023,19462.8,19538.85,19436.45,19517.0,280799561.0,28086.15
92,07-AUG-2023,19576.85,19620.45,19524.8,19597.3,216586074.0,21655.87
93,08-AUG-2023,19627.2,19634.4,19533.1,19570.85,260294052.0,25437.47
94,09-AUG-2023,19578.8,19645.5,19467.5,19632.55,266495074.0,23201.75
95,10-AUG-2023,19605.55,19623.6,19495.4,19543.1,312193785.0,29430.34
96,11-AUG-2023,19554.25,19557.75,19412.75,19428.3,235524048.0,24521.24
97,14-AUG-2023,19383.95,19465.85,19257.9,19434.55,243850815.0,22767.43
98,16-AUG-2023,19369.0,19482.75,19317.2,19465.0,226627230.0,21484.66
99,17-AUG-2023,19450.55,19461.55,19326.25,19365.25,268663456.0,26505.65
100,18-AUG-2023,19301.75,19373.8,19253.6,19310.15,256142364.0,25641.41
101,21-AUG-2023,19320.65,19425.95,19296.3,19393.6,262589133.0,20738.75
102,22-AUG-2023,19417.1,19443.5,19381.3,19396.45,208704354.0,20226.48
103,23-AUG-2023,19439.2,19472.05,19366.6,19444.0,225214991.0,20167.16
104,24-AUG-2023,19535.15,19584.45,19369.0,19386.7,268256859.0,24338.24
105,25-AUG-2023,19297.4,19339.55,19229.7,19265.8,466518217.0,24998.12
106,28-AUG-2023,19298.35,19366.85,19249.7,19306.05,248178769.0,18237.22
107,29-AUG-2023,19374.85,19377.9,19309.1,19342.65,307388116.0,22501.12
108,30-AUG-2023,19433.45,19452.8,19334.75,19347.45,233004568.0,19877.49
109,31-AUG-2023,19375.55,19388.2,19223.65,19253.8,562557215.0,45699.54
110,01-SEP-2023,19258.15,19458.55,19255.7,19435.3,372502191.0,25962.38
111,04-SEP-2023,19525.05,19545.15,19432.85,19528.8,396071122.0,24822.79
112,05-SEP-2023,19564.65,19587.05,19525.75,19574.9,303958622.0,24029.89
113,06-SEP-2023,19581.2,19636.45,19491.5,19611.05,512974083.0,32500.52
114,07-SEP-2023,19598.65,19737.0,19550.05,19727.05,304929822.0,23591.0
115,08-SEP-2023,19774.8,19867.15,19728.05,19819.95,288093693.0,23530.84
116,11-SEP-2023,19890.0,20008.15,19865.35,19996.35,248763130.0,21924.34
117,12-SEP-2023,20110.15,20110.35,19914.65,19993.2,328064239.0,30110.8
118,13-SEP-2023,19989.5,20096.9,19944.1,20070.0,251394599.0,24332.36
119,14-SEP-2023,20127.95,20167.65,20043.45,20103.1,275111881.0,21902.65
120,15-SEP-2023,20156.45,20222.45,20129.7,20192.35,438185104.0,42681.35
121,18-SEP-2023,20155.95,20195.35,20115.7,20133.3,264870758.0,21135.95
122,20-SEP-2023,19980.75,20050.65,19878.85,19901.4,378065882.0,37351.58
123,21-SEP-2023,19840.55,19848.75,19709.95,19742.35,275132260.0,26711.83
124,22-SEP-2023,19744.85,19798.65,19657.5,19674.25,246410075.0,24137.57
125,25-SEP-2023,19678.2,19734.15,19601.55,19674.55,188398392.0,20194.48
126,26-SEP-2023,19682.8,19699.35,19637.45,19664.7,204869058.0,18118.19
127,27-SEP-2023,19637.05,19730.7,19554.0,19716.45,203559874.0,19659.17
128,28-SEP-2023,19761.8,19766.65,19492.1,19523.55,352810261.0,30069.78
129,29-SEP-2023,19581.2,19726.25,19551.05,19638.3,243508919.0,20978.72
130,03-OCT-2023,19622.4,19623.2,19479.65,19528.75,221719625.0,21459.58
131,04-OCT-2023,19446.3,19457.8,19333.6,19436.1,277148310.0,26017.47
132,05-OCT-2023,19521.85,19576.95,19487.3,19545.75,234865323.0,22019.04
133,06-OCT-2023,19621.2,19675.75,19589.4,19653.5,159051277.0,16096.52
134,09-OCT-2023,19539.45,19588.95,19480.5,19512.35,165094800.0,15499.67
135,10-OCT-2023,19565.6,19717.8,19565.45,19689.85,216559447.0,18735.62
136,11-OCT-2023,19767.0,19839.2,19756.95,19811.35,213729730.0,19900.99
137,12-OCT-2023,19822.7,19843.3,19772.65,19794.0,217904144.0,20999.94
138,13-OCT-2023,19654.55,19805.4,19635.3,19751.05,254955979.0,24363.02
139,16-OCT-2023,19737.25,19781.3,19691.85,19731.75,180964341.0,14746.01
140,17-OCT-2023,19843.2,19849.75,19775.65,19811.5,185846716.0,16839.87
141,18-OCT-2023,19820.45,19840.95,19659.95,19671.1,198942937.0,18581.64
142,19-OCT-2023,19545.2,19681.8,19512.35,19624.7,230312163.0,23582.01
143,20-OCT-2023,19542.15,19593.8,19518.7,19542.65,198341255.0,17944.31
144,23-OCT-2023,19521.6,19556.85,19257.85,19281.75,176044288.0,16212.9
145,25-OCT-2023,19286.45,19347.3,19074.15,19122.15,225291741.0,19818.32
146,26-OCT-2023,19027.25,19041.7,18837.85,18857.25,300356469.0,28939.64
147,27-OCT-2023,18928.75,19076.15,18926.65,19047.25,205201044.0,19947.48
148,30-OCT-2023,19053.4,19158.5,18940.0,19140.9,180132492.0,17095.73
149,31-OCT-2023,19232.95,19233.7,19056.45,19079.6,206049341.0,19397.36
150,01-NOV-2023,19064.05,19096.05,18973.7,18989.15,194103279.0,18452.51
151,02-NOV-2023,19120.0,19175.25,19064.15,19133.25,245595109.0,19771.49
152,03-NOV-2023,19241.0,19276.25,19210.9,19230.6,189516123.0,17304.87
153,06-NOV-2023,19345.85,19423.0,19309.7,19411.75,180690631.0,16296.56
154,07-NOV-2023,19404.05,19423.5,19329.1,19406.7,198660124.0,18288.06
155,08-NOV-2023,19449.6,19464.4,19401.5,19443.5,194967997.0,17060.45
156,09-NOV-2023,19457.4,19463.9,19378.35,19395.3,208418472.0,19087.29
157,10-NOV-2023,19351.85,19451.3,19329.45,19425.35,152215785.0,12916.21
158,12-NOV-2023,19547.25,19547.25,19510.25,19525.55,37311902.0,2482.27
159,13-NOV-2023,19486.75,19494.4,19414.75,19443.55,189275733.0,13527.22
160,15-NOV-2023,19651.4,19693.2,19579.65,19675.45,291464988.0,24957.24
161,16-NOV-2023,19674.7,19875.25,19627.0,19765.2,282686669.0,26041.45
162,17-NOV-2023,19674.75,19806.0,19667.45,19731.8,236827462.0,21681.28
163,20-NOV-2023,19731.15,19756.45,19670.5,19694.0,173780543.0,16737.05
164,21-NOV-2023,19770.9,19829.1,19754.05,19783.4,194969012.0,17947.2
165,22-NOV-2023,19784.0,19825.55,19703.85,19811.85,184497984.0,17405.48
166,23-NOV-2023,19828.45,19875.15,19786.75,19802.0,170024085.0,15906.94
167,24-NOV-2023,19809.6,19832.85,19768.85,19794.7,145895044.0,14389.29
168,28-NOV-2023,19844.65,19916.85,19800.0,19889.7,229595031.0,23043.25
169,29-NOV-2023,19976.55,20104.65,19956.3,20096.6,236241768.0,22367.64
170,30-NOV-2023,20108.5,20158.7,20015.85,20133.15,486585349.0,48877.95
171,01-DEC-2023,20194.1,20291.55,20183.7,20267.9,265812566.0,22461.53
172,04-DEC-2023,20601.95,20702.65,20507.75,20686.8,381107418.0,33917.52
173,05-DEC-2023,20808.9,20864.05,20711.15,20855.1,421008350.0,41763.52
174,06-DEC-2023,20950.75,20961.95,20852.15,20937.7,359212958.0,35654.76
175,07-DEC-2023,20932.4,20941.25,20850.8,20901.15,274985308.0,24862.43
176,08-DEC-2023,20934.1,21006.1,20862.7,20969.4,292440768.0,27449.96
177,11-DEC-2023,20965.3,21026.1,20923.7,20997.1,212921451.0,21150.17
178,12-DEC-2023,21018.55,21037.9,20867.15,20906.4,244867128.0,25404.64
179,13-DEC-2023,20929.75,20950.0,20769.5,20926.35,260269318.0,25918.44
180,14-DEC-2023,21110.4,21210.9,21074.45,21182.7,334410589.0,32593.42
181,15-DEC-2023,21287.45,21492.3,21235.3,21456.65,508761756.0,50114.46
182,18-DEC-2023,21434.8,21482.8,21365.35,21418.65,249668965.0,23615.28
183,19-DEC-2023,21477.65,21505.05,21337.75,21453.1,249750062.0,23750.61
184,20-DEC-2023,21543.5,21593.0,21087.35,21150.15,363886229.0,30993.12
185,21-DEC-2023,21033.95,21288.35,20976.8,21255.05,277548079.0,26001.02
186,22-DEC-2023,21295.85,21390.5,21232.45,21349.4,284708918.0,27709.29
187,26-DEC-2023,21365.2,21477.15,21329.45,21441.35,219467748.0,20081.33
188,27-DEC-2023,21497.65,21675.75,21495.8,21654.75,256542963.0,23059.25
189,28-DEC-2023,21715.0,21801.45,21678.0,21778.7,393080755.0,35031.0
190,29-DEC-2023,21737.65,21770.3,21676.9,21731.4,270922276.0,23697.88
191,01-JAN-2024,21727.75,21834.35,21680.85,21741.9,153995217.0,14184.09
192,02-JAN-2024,21751.35,21755.6,21555.65,21665.8,263711568.0,25316.13
193,03-JAN-2024,21661.1,21677.0,21500.35,21517.35,311933117.0,32329.23
194,04-JAN-2024,21605.8,21685.65,21564.55,21658.6,339172697.0,30868.15
195,05-JAN-2024,21705.75,21749.6,21629.2,21710.8,309303266.0,26554.49
196,08-JAN-2024,21747.6,21763.95,21492.9,21513.0,231452935.0,21140.94
197,09-JAN-2024,21653.6,21724.45,21517.85,21544.85,228568589.0,24055.74
198,10-JAN-2024,21529.3,21641.85,21448.65,21618.7,216991926.0,20958.96
199,11-JAN-2024,21688.0,21726.5,21593.75,21647.2,212453866.0,23492.12
200,12-JAN-2024,21773.55,21928.25,21715.15,21894.55,294678459.0,30565.5
201,15-JAN-2024,22053.15,22115.55,21963.55,22097.45,345543523.0,29523.15
202,16-JAN-2024,22080.5,22124.15,21969.8,22032.3,292433764.0,24435.94
203,17-JAN-2024,21647.25,21851.5,21550.45,21571.95,455999867.0,47533.44
204,18-JAN-2024,21414.2,21539.4,21285.55,21462.25,387341268.0,39718.84
205,19-JAN-2024,21615.2,21670.6,21575.0,21622.4,343055124.0,34429.24
206,20-JAN-2024,21706.15,21720.3,21541.8,21571.8,162073740.0,13917.46
207,23-JAN-2024,21716.7,21750.25,21192.6,21238.8,449718534.0,48813.68
208,24-JAN-2024,21185.25,21482.35,21137.2,21453.95,407460664.0,41718.64
209,25-JAN-2024,21454.6,21459.0,21247.05,21352.6,418143077.0,40088.5
210,29-JAN-2024,21433.1,21763.25,21429.6,21737.6,376702289.0,34516.42
211,30-JAN-2024,21775.75,21813.05,21501.8,21522.1,375137333.0,32916.3
212,31-JAN-2024,21487.25,21741.35,21448.85,21725.7,410583065.0,41587.85
213,01-FEB-2024,21780.65,21832.95,21658.75,21697.45,332541208.0,34042.15
214,02-FEB-2024,21812.75,22126.8,21805.55,21853.8,442794738.0,38395.9
215,05-FEB-2024,21921.05,21964.3,21726.95,21771.7,440849699.0,33807.94
216,06-FEB-2024,21825.2,21951.4,21737.55,21929.4,370968111.0,32910.82
217,07-FEB-2024,22045.05,22053.3,21860.15,21930.5,346263704.0,30088.76
218,08-FEB-2024,22009.65,22011.05,21665.3,21717.95,491069786.0,41082.02
219,09-FEB-2024,21727.0,21804.45,21629.9,21782.5,349222850.0,31176.16
220,12-FEB-2024,21800.8,21831.7,21574.75,21616.05,287436165.0,23921.14
221,13-FEB-2024,21664.3,21766.8,21543.35,21743.25,365785766.0,29896.62
222,14-FEB-2024,21578.15,21870.85,21530.2,21840.05,359120861.0,32535.0
223,15-FEB-2024,21906.55,21953.85,21794.8,21910.75,345394395.0,29559.69
224,16-FEB-2024,22020.3,22068.65,21968.95,22040.7,,
225,19-FEB-2024,22103.45,22186.65,22021.05,22122.25,218252325.0,21375.71
226,20-FEB-2024,22099.2,22215.6,22045.85,22196.95,295705319.0,26872.32
227,21-FEB-2024,22248.85,22249.4,21997.95,22055.05,364545679.0,29741.39
228,22-FEB-2024,22081.55,22252.5,21875.25,22217.45,343495136.0,33985.94
229,23-FEB-2024,22290.0,22297.5,22186.1,22212.7,225983194.0,24617.01
230,26-FEB-2024,22169.2,22202.15,22075.15,22122.05,207775504.0,20850.26
231,27-FEB-2024,22090.2,22218.25,22085.65,22198.35,252199186.0,24620.71
232,28-FEB-2024,22214.1,22229.15,21915.85,21951.15,202952371.0,20579.8
233,29-FEB-2024,21935.2,22060.55,21860.65,21982.8,360165824.0,40196.12
234,01-MAR-2024,22048.3,22353.3,22047.75,22338.75,351503075.0,29646.47
235,02-MAR-2024,22406.95,22419.55,22367.05,22378.4,35763814.0,1918.77
236,04-MAR-2024,22403.5,22440.9,22358.3,22405.6,298794435.0,23771.71
237,05-MAR-2024,22371.25,22416.9,22269.15,22356.3,296153036.0,29165.37
238,06-MAR-2024,22327.5,22497.2,22224.35,22474.05,312262560.0,31029.01
239,07-MAR-2024,22505.3,22525.65,22430.0,22493.55,379865142.0,33558.46
240,11-MAR-2024,22517.5,22526.6,22307.25,22332.65,277897373.0,27222.37
241,12-MAR-2024,22334.45,22452.55,22256.0,22335.7,299201167.0,29781.12
242,13-MAR-2024,22432.2,22446.75,21905.65,21997.7,493341697.0,40109.23
243,14-MAR-2024,21982.55,22204.6,21917.5,22146.65,426742460.0,37348.3
244,15-MAR-2024,22064.85,22120.9,21931.7,22023.35,661460455.0,60260.88
245,18-MAR-2024,21990.1,22123.7,21916.55,22055.7,356321519.0,23015.51
246,19-MAR-2024,21946.45,21978.3,21793.1,21817.45,344157465.0,30291.6
247,20-MAR-2024,21843.9,21930.9,21710.2,21839.1,312414696.0,28939.85
248,21-MAR-2024,21989.9,22080.95,21941.3,22011.95,353172434.0,31258.4
